name,path,domain
1100,/wiki/1100,fr
1110,/wiki/1110,fr
1130,/wiki/1130,fr
1150,/wiki/1150,fr
1158,/wiki/1158,fr
1160,/wiki/1160,fr
1162,/wiki/1162,fr
1165,/wiki/1165,fr
1170,/wiki/1170,fr
1174,/wiki/1174,fr
1175,/wiki/1175,fr
1178,/wiki/1178,fr
1180,/wiki/1180,fr
1200,/wiki/1200,fr
1201,/wiki/1201,fr
1205,/wiki/1205,fr
1210,/wiki/1210,fr
1213,/wiki/1213,fr
1219,/wiki/1219,fr
1220,/wiki/1220,fr
1224,/wiki/1224,fr
1229,/wiki/1229,fr
1230,/wiki/1230,fr
1236,/wiki/1236,fr
1238,/wiki/1238,fr
1240,/wiki/1240,fr
1250,/wiki/1250,fr
1253,/wiki/1253,fr
1260,/wiki/1260,fr
1265,/wiki/1265,fr
1272,/wiki/1272,fr
1285,/wiki/1285,fr
1288,/wiki/1288,fr
1290,/wiki/1290,fr
1300,/wiki/1300,fr
1304,/wiki/1304,fr
1307,/wiki/1307,fr
1310,/wiki/1310,fr
1317,/wiki/1317,fr
1325,/wiki/1325,fr
1330,/wiki/1330,fr
1331,/wiki/1331,fr
1333,/wiki/1333,fr
1340,/wiki/1340,fr
1346,/wiki/1346,fr
1352,/wiki/1352,fr
1362,/wiki/1362,fr
1363,/wiki/1363,fr
1364,/wiki/1364,fr
1368,/wiki/1368,fr
1370,/wiki/1370,fr
1377,/wiki/1377,fr
1382,/wiki/1382,fr
1385,/wiki/1385,fr
1388,/wiki/1388,fr
1390,/wiki/1390,fr
1391,/wiki/1391,fr
1392,/wiki/1392,fr
1394,/wiki/1394,fr
1395,/wiki/1395,fr
1404,/wiki/1404,fr
1405,/wiki/1405,fr
1406,/wiki/1406,fr
1407,/wiki/1407,fr
1410,/wiki/1410,fr
1420,/wiki/1420,fr
1425,/wiki/1425,fr
1426,/wiki/1426,fr
1429,/wiki/1429,fr
1430,/wiki/1430,fr
1431,/wiki/1431,fr
1433,/wiki/1433,fr
1435,/wiki/1435,fr
1440,/wiki/1440,fr
1445,/wiki/1445,fr
1448,/wiki/1448,fr
1450,/wiki/1450,fr
1453,/wiki/1453,fr
1455,/wiki/1455,fr
1458,/wiki/1458,fr
1460,/wiki/1460,fr
1461,/wiki/1461,fr
1463,/wiki/1463,fr
1465,/wiki/1465,fr
1468,/wiki/1468,fr
1469,/wiki/1469,fr
1470,/wiki/1470,fr
1473,/wiki/1473,fr
1475,/wiki/1475,fr
1476,/wiki/1476,fr
1477,/wiki/1477,fr
1483,/wiki/1483,fr
1486,/wiki/1486,fr
1491,/wiki/1491,fr
1492,/wiki/1492,fr
1496,/wiki/1496,fr
1498,/wiki/1498,fr
1500,/wiki/1500,fr
1501,/wiki/1501,fr
1502,/wiki/1502,fr
1503,/wiki/1503,fr
1505,/wiki/1505,fr
1507,/wiki/1507,fr
1508,/wiki/1508,fr
1509,/wiki/1509,fr
1510,/wiki/1510,fr
1511,/wiki/1511,fr
1512,/wiki/1512,fr
1513,/wiki/1513,fr
1515,/wiki/1515,fr
1517,/wiki/1517,fr
1519,/wiki/1519,fr
1520,/wiki/1520,fr
1521,/wiki/1521,fr
1522,/wiki/1522,fr
1524,/wiki/1524,fr
1525,/wiki/1525,fr
1526,/wiki/1526,fr
1528,/wiki/1528,fr
1529,/wiki/1529,fr
1530,/wiki/1530,fr
1531,/wiki/1531,fr
1532,/wiki/1532,fr
1533,/wiki/1533,fr
1534,/wiki/1534,fr
1535,/wiki/1535,fr
1536,/wiki/1536,fr
1537,/wiki/1537,fr
1538,/wiki/1538,fr
1539,/wiki/1539,fr
1540,/wiki/1540,fr
1541,/wiki/1541,fr
1544,/wiki/1544,fr
1545,/wiki/1545,fr
1546,/wiki/1546,fr
1548,/wiki/1548,fr
1549,/wiki/1549,fr
1550,/wiki/1550,fr
1552,/wiki/1552,fr
1553,/wiki/1553,fr
1556,/wiki/1556,fr
1557,/wiki/1557,fr
1558,/wiki/1558,fr
1560,/wiki/1560,fr
1562,/wiki/1562,fr
1563,/wiki/1563,fr
1564,/wiki/1564,fr
1565,/wiki/1565,fr
1567,/wiki/1567,fr
1569,/wiki/1569,fr
1570,/wiki/1570,fr
1571,/wiki/1571,fr
1573,/wiki/1573,fr
1574,/wiki/1574,fr
1575,/wiki/1575,fr
1577,/wiki/1577,fr
1578,/wiki/1578,fr
1579,/wiki/1579,fr
1580,/wiki/1580,fr
1581,/wiki/1581,fr
1582,/wiki/1582,fr
1583,/wiki/1583,fr
1585,/wiki/1585,fr
1586,/wiki/1586,fr
1587,/wiki/1587,fr
1588,/wiki/1588,fr
1589,/wiki/1589,fr
1590,/wiki/1590,fr
1591,/wiki/1591,fr
1592,/wiki/1592,fr
1593,/wiki/1593,fr
1594,/wiki/1594,fr
1595,/wiki/1595,fr
1596,/wiki/1596,fr
1597,/wiki/1597,fr
1598,/wiki/1598,fr
1599,/wiki/1599,fr
1600,/wiki/1600,fr
1601,/wiki/1601,fr
1602,/wiki/1602,fr
1603,/wiki/1603,fr
1604,/wiki/1604,fr
1605,/wiki/1605,fr
1606,/wiki/1606,fr
1607,/wiki/1607,fr
1608,/wiki/1608,fr
1609,/wiki/1609,fr
1610,/wiki/1610,fr
1611,/wiki/1611,fr
1612,/wiki/1612,fr
1613,/wiki/1613,fr
1614,/wiki/1614,fr
1615,/wiki/1615,fr
1617,/wiki/1617,fr
1618,/wiki/1618,fr
1619,/wiki/1619,fr
1621,/wiki/1621,fr
1622,/wiki/1622,fr
1623,/wiki/1623,fr
1624,/wiki/1624,fr
1625,/wiki/1625,fr
1626,/wiki/1626,fr
1627,/wiki/1627,fr
1628,/wiki/1628,fr
1630,/wiki/1630,fr
1631,/wiki/1631,fr
1632,/wiki/1632,fr
1634,/wiki/1634,fr
1635,/wiki/1635,fr
1636,/wiki/1636,fr
1638,/wiki/1638,fr
1639,/wiki/1639,fr
1640,/wiki/1640,fr
1641,/wiki/1641,fr
1643,/wiki/1643,fr
1645,/wiki/1645,fr
1646,/wiki/1646,fr
1647,/wiki/1647,fr
1648,/wiki/1648,fr
1650,/wiki/1650,fr
1651,/wiki/1651,fr
1652,/wiki/1652,fr
1654,/wiki/1654,fr
1655,/wiki/1655,fr
1657,/wiki/1657,fr
1658,/wiki/1658,fr
1659,/wiki/1659,fr
1660,/wiki/1660,fr
1661,/wiki/1661,fr
1662,/wiki/1662,fr
1663,/wiki/1663,fr
1666,/wiki/1666,fr
1667,/wiki/1667,fr
1668,/wiki/1668,fr
1670,/wiki/1670,fr
1671,/wiki/1671,fr
1672,/wiki/1672,fr
1673,/wiki/1673,fr
1674,/wiki/1674,fr
1675,/wiki/1675,fr
1676,/wiki/1676,fr
1678,/wiki/1678,fr
1679,/wiki/1679,fr
1680,/wiki/1680,fr
1682,/wiki/1682,fr
1683,/wiki/1683,fr
1684,/wiki/1684,fr
1685,/wiki/1685,fr
1686,/wiki/1686,fr
1688,/wiki/1688,fr
1689,/wiki/1689,fr
1690,/wiki/1690,fr
1691,/wiki/1691,fr
1692,/wiki/1692,fr
1693,/wiki/1693,fr
1694,/wiki/1694,fr
1695,/wiki/1695,fr
1696,/wiki/1696,fr
1697,/wiki/1697,fr
1699,/wiki/1699,fr
1700,/wiki/1700,fr
1701,/wiki/1701,fr
1703,/wiki/1703,fr
1704,/wiki/1704,fr
1705,/wiki/1705,fr
1706,/wiki/1706,fr
1707,/wiki/1707,fr
1709,/wiki/1709,fr
1710,/wiki/1710,fr
1711,/wiki/1711,fr
1712,/wiki/1712,fr
1713,/wiki/1713,fr
1714,/wiki/1714,fr
1715,/wiki/1715,fr
1716,/wiki/1716,fr
1717,/wiki/1717,fr
1719,/wiki/1719,fr
1720,/wiki/1720,fr
1721,/wiki/1721,fr
1722,/wiki/1722,fr
1723,/wiki/1723,fr
1724,/wiki/1724,fr
1725,/wiki/1725,fr
1727,/wiki/1727,fr
1730,/wiki/1730,fr
1731,/wiki/1731,fr
1732,/wiki/1732,fr
1733,/wiki/1733,fr
1734,/wiki/1734,fr
1735,/wiki/1735,fr
1737,/wiki/1737,fr
1738,/wiki/1738,fr
1740,/wiki/1740,fr
1741,/wiki/1741,fr
1742,/wiki/1742,fr
1743,/wiki/1743,fr
1745,/wiki/1745,fr
1746,/wiki/1746,fr
1747,/wiki/1747,fr
1748,/wiki/1748,fr
1749,/wiki/1749,fr
1750,/wiki/1750,fr
1751,/wiki/1751,fr
1753,/wiki/1753,fr
1754,/wiki/1754,fr
1755,/wiki/1755,fr
1757,/wiki/1757,fr
1758,/wiki/1758,fr
1759,/wiki/1759,fr
1761,/wiki/1761,fr
1762,/wiki/1762,fr
1763,/wiki/1763,fr
1764,/wiki/1764,fr
1766,/wiki/1766,fr
1767,/wiki/1767,fr
1768,/wiki/1768,fr
1769,/wiki/1769,fr
1770,/wiki/1770,fr
1771,/wiki/1771,fr
1772,/wiki/1772,fr
1773,/wiki/1773,fr
1774,/wiki/1774,fr
1775,/wiki/1775,fr
1777,/wiki/1777,fr
1778,/wiki/1778,fr
1780,/wiki/1780,fr
1781,/wiki/1781,fr
1782,/wiki/1782,fr
1783,/wiki/1783,fr
1784,/wiki/1784,fr
1785,/wiki/1785,fr
1786,/wiki/1786,fr
1787,/wiki/1787,fr
1788,/wiki/1788,fr
1789,/wiki/1789,fr
1790,/wiki/1790,fr
1791,/wiki/1791,fr
1792,/wiki/1792,fr
1793,/wiki/1793,fr
1794,/wiki/1794,fr
1795,/wiki/1795,fr
1797,/wiki/1797,fr
1798,/wiki/1798,fr
1799,/wiki/1799,fr
1800,/wiki/1800,fr
1801,/wiki/1801,fr
1802,/wiki/1802,fr
1803,/wiki/1803,fr
1804,/wiki/1804,fr
1805,/wiki/1805,fr
1806,/wiki/1806,fr
1807,/wiki/1807,fr
1808,/wiki/1808,fr
1809,/wiki/1809,fr
1810,/wiki/1810,fr
1811,/wiki/1811,fr
1812,/wiki/1812,fr
1813,/wiki/1813,fr
1814,/wiki/1814,fr
1815,/wiki/1815,fr
1816,/wiki/1816,fr
1817,/wiki/1817,fr
1818,/wiki/1818,fr
1819,/wiki/1819,fr
1820,/wiki/1820,fr
1821,/wiki/1821,fr
1822,/wiki/1822,fr
1823,/wiki/1823,fr
1824,/wiki/1824,fr
1825,/wiki/1825,fr
1826,/wiki/1826,fr
1827,/wiki/1827,fr
1828,/wiki/1828,fr
1829,/wiki/1829,fr
1830,/wiki/1830,fr
1831,/wiki/1831,fr
1832,/wiki/1832,fr
1833,/wiki/1833,fr
1834,/wiki/1834,fr
1836,/wiki/1836,fr
1837,/wiki/1837,fr
1838,/wiki/1838,fr
1839,/wiki/1839,fr
1840,/wiki/1840,fr
1841,/wiki/1841,fr
1842,/wiki/1842,fr
1843,/wiki/1843,fr
1844,/wiki/1844,fr
1845,/wiki/1845,fr
1846,/wiki/1846,fr
1847,/wiki/1847,fr
1848,/wiki/1848,fr
1849,/wiki/1849,fr
1850,/wiki/1850,fr
1851,/wiki/1851,fr
1852,/wiki/1852,fr
1853,/wiki/1853,fr
1854,/wiki/1854,fr
1855,/wiki/1855,fr
1856,/wiki/1856,fr
1857,/wiki/1857,fr
1858,/wiki/1858,fr
1859,/wiki/1859,fr
1860,/wiki/1860,fr
1861,/wiki/1861,fr
1862,/wiki/1862,fr
1863,/wiki/1863,fr
1864,/wiki/1864,fr
1865,/wiki/1865,fr
1866,/wiki/1866,fr
1867,/wiki/1867,fr
1868,/wiki/1868,fr
1869,/wiki/1869,fr
1870,/wiki/1870,fr
1871,/wiki/1871,fr
1872,/wiki/1872,fr
1873,/wiki/1873,fr
1874,/wiki/1874,fr
1875,/wiki/1875,fr
1876,/wiki/1876,fr
1877,/wiki/1877,fr
1878,/wiki/1878,fr
1879,/wiki/1879,fr
1880,/wiki/1880,fr
1881,/wiki/1881,fr
1882,/wiki/1882,fr
1883,/wiki/1883,fr
1884,/wiki/1884,fr
1885,/wiki/1885,fr
1885 en littérature,/wiki/1885_en_litt%C3%A9rature,fr
1886,/wiki/1886,fr
1887,/wiki/1887,fr
1887 en littérature,/wiki/1887_en_litt%C3%A9rature,fr
1888,/wiki/1888,fr
1889,/wiki/1889,fr
1890,/wiki/1890,fr
1891,/wiki/1891,fr
1892,/wiki/1892,fr
1893,/wiki/1893,fr
1894,/wiki/1894,fr
1895,/wiki/1895,fr
1896,/wiki/1896,fr
1897,/wiki/1897,fr
1898,/wiki/1898,fr
1899,/wiki/1899,fr
1900,/wiki/1900,fr
1901,/wiki/1901,fr
1902,/wiki/1902,fr
1903,/wiki/1903,fr
1904,/wiki/1904,fr
1905,/wiki/1905,fr
1906,/wiki/1906,fr
1907,/wiki/1907,fr
1908,/wiki/1908,fr
1909,/wiki/1909,fr
1910,/wiki/1910,fr
1911,/wiki/1911,fr
1912,/wiki/1912,fr
1913,/wiki/1913,fr
1914,/wiki/1914,fr
1915,/wiki/1915,fr
1916,/wiki/1916,fr
1917,/wiki/1917,fr
1918,/wiki/1918,fr
1919,/wiki/1919,fr
1920,/wiki/1920,fr
1921,/wiki/1921,fr
1922,/wiki/1922,fr
1923,/wiki/1923,fr
1924,/wiki/1924,fr
1925,/wiki/1925,fr
1926,/wiki/1926,fr
1927,/wiki/1927,fr
1928,/wiki/1928,fr
1929,/wiki/1929,fr
1930,/wiki/1930,fr
1931,/wiki/1931,fr
1932,/wiki/1932,fr
1933,/wiki/1933,fr
1934,/wiki/1934,fr
1935,/wiki/1935,fr
1936,/wiki/1936,fr
1937,/wiki/1937,fr
1938,/wiki/1938,fr
1939,/wiki/1939,fr
1940,/wiki/1940,fr
1940 en littérature,/wiki/1940_en_litt%C3%A9rature,fr
1941,/wiki/1941,fr
1942,/wiki/1942,fr
1943,/wiki/1943,fr
1944,/wiki/1944,fr
1945,/wiki/1945,fr
1946,/wiki/1946,fr
1947,/wiki/1947,fr
1948,/wiki/1948,fr
1949,/wiki/1949,fr
1950,/wiki/1950,fr
1951,/wiki/1951,fr
1952,/wiki/1952,fr
1953,/wiki/1953,fr
1954,/wiki/1954,fr
1955,/wiki/1955,fr
1956,/wiki/1956,fr
1957,/wiki/1957,fr
1958,/wiki/1958,fr
1959,/wiki/1959,fr
1960,/wiki/1960,fr
1961,/wiki/1961,fr
1962,/wiki/1962,fr
1963,/wiki/1963,fr
1964,/wiki/1964,fr
1965,/wiki/1965,fr
1966,/wiki/1966,fr
1967,/wiki/1967,fr
1968,/wiki/1968,fr
1969,/wiki/1969,fr
1969 en littérature,/wiki/1969_en_litt%C3%A9rature,fr
1970,/wiki/1970,fr
1971,/wiki/1971,fr
1972,/wiki/1972,fr
1973,/wiki/1973,fr
1974,/wiki/1974,fr
1975,/wiki/1975,fr
1976,/wiki/1976,fr
1977,/wiki/1977,fr
1978,/wiki/1978,fr
1979,/wiki/1979,fr
1980,/wiki/1980,fr
1981,/wiki/1981,fr
1982,/wiki/1982,fr
1983,/wiki/1983,fr
1984,/wiki/1984,fr
1985,/wiki/1985,fr
1986,/wiki/1986,fr
1987,/wiki/1987,fr
1988,/wiki/1988,fr
1989,/wiki/1989,fr
1990,/wiki/1990,fr
1991,/wiki/1991,fr
1992,/wiki/1992,fr
1993,/wiki/1993,fr
1994,/wiki/1994,fr
1995,/wiki/1995,fr
1996,/wiki/1996,fr
1997,/wiki/1997,fr
1998,/wiki/1998,fr
1999,/wiki/1999,fr
2000,/wiki/2000,fr
2001,/wiki/2001,fr
2002,/wiki/2002,fr
2003,/wiki/2003,fr
2004,/wiki/2004,fr
2005,/wiki/2005,fr
2006,/wiki/2006,fr
2007,/wiki/2007,fr
2008,/wiki/2008,fr
2009,/wiki/2009,fr
2010,/wiki/2010,fr
2011,/wiki/2011,fr
2012,/wiki/2012,fr
2013,/wiki/2013,fr
2014,/wiki/2014,fr
2015,/wiki/2015,fr
2016,/wiki/2016,fr
2017,/wiki/2017,fr
2018,/wiki/2018,fr
2019,/wiki/2019,fr
2020,/wiki/2020,fr
2021,/wiki/2021,fr
2022,/wiki/2022,fr
Abbé Prévost,/wiki/Abb%C3%A9_Pr%C3%A9vost,fr
Abdallah Naaman,/wiki/Abdallah_Naaman,fr
Abdelhak Serhane,/wiki/Abdelhak_Serhane,fr
Abdoulaye Y. Dabo,/wiki/Abdoulaye_Y._Dabo,fr
Abel Bonnard,/wiki/Abel_Bonnard,fr
Abel Dufresne,/wiki/Abel_Dufresne,fr
Achille Chavée,/wiki/Achille_Chav%C3%A9e,fr
Adam de la Halle,/wiki/Adam_de_la_Halle,fr
Adenet le Roi,/wiki/Adenet_le_Roi,fr
Adolphe Thiers,/wiki/Adolphe_Thiers,fr
Adolphe d'Ennery,/wiki/Adolphe_d%27Ennery,fr
Adrien Gygax,/wiki/Adrien_Gygax,fr
Adrien-Thomas Perdou de Subligny,/wiki/Adrien-Thomas_Perdou_de_Subligny,fr
Agnès Desarthe,/wiki/Agn%C3%A8s_Desarthe,fr
Agota Kristof,/wiki/Agota_Kristof,fr
Ahmad Kamyabi Mask,/wiki/Ahmad_Kamyabi_Mask,fr
Ahmadou Kourouma,/wiki/Ahmadou_Kourouma,fr
Ahmed Sefrioui,/wiki/Ahmed_Sefrioui,fr
Aimé Césaire,/wiki/Aim%C3%A9_C%C3%A9saire,fr
Akli Tadjer,/wiki/Akli_Tadjer,fr
Alain (philosophe),/wiki/Alain_(philosophe),fr
Alain Agat,/wiki/Alain_Agat,fr
Alain Amselek,/wiki/Alain_Amselek,fr
Alain Beaulieu,/wiki/Alain_Beaulieu,fr
Alain Blottière,/wiki/Alain_Blotti%C3%A8re,fr
Alain Bonnand,/wiki/Alain_Bonnand,fr
Alain Bosquet,/wiki/Alain_Bosquet,fr
Alain Breton,/wiki/Alain_Breton,fr
Alain Chartier,/wiki/Alain_Chartier,fr
Alain Defossé,/wiki/Alain_Defoss%C3%A9,fr
Alain Mabanckou,/wiki/Alain_Mabanckou,fr
Alain Marc (écrivain),/wiki/Alain_Marc_(%C3%A9crivain),fr
Alain Robbe-Grillet,/wiki/Alain_Robbe-Grillet,fr
Alain-Fournier,/wiki/Alain-Fournier,fr
Alain-René Lesage,/wiki/Alain-Ren%C3%A9_Lesage,fr
Albert Cahuet,/wiki/Albert_Cahuet,fr
Albert Camus,/wiki/Albert_Camus,fr
Albert Cohen,/wiki/Albert_Cohen,fr
Albert Cossery,/wiki/Albert_Cossery,fr
Albert Memmi,/wiki/Albert_Memmi,fr
Albert Samain,/wiki/Albert_Samain,fr
Albert Thibaudet,/wiki/Albert_Thibaudet,fr
Albert t'Serstevens,/wiki/Albert_t%27Serstevens,fr
Albert-Paul Granier,/wiki/Albert-Paul_Granier,fr
Alexandra David-Néel,/wiki/Alexandra_David-N%C3%A9el,fr
Alexandre Arnoux,/wiki/Alexandre_Arnoux,fr
Alexandre Bergamini,/wiki/Alexandre_Bergamini,fr
Alexandre Dumas,/wiki/Alexandre_Dumas,fr
Alexandre Dumas fils,/wiki/Alexandre_Dumas_fils,fr
Alexandre Guiraud,/wiki/Alexandre_Guiraud,fr
Alexandre Hardy,/wiki/Alexandre_Hardy,fr
Alexandre Najjar,/wiki/Alexandre_Najjar,fr
Alexandre Vialatte,/wiki/Alexandre_Vialatte,fr
Alexandre de Bernay,/wiki/Alexandre_de_Bernay,fr
Alexis Bouvier,/wiki/Alexis_Bouvier,fr
Alexis Jenni,/wiki/Alexis_Jenni,fr
Alexis Piron,/wiki/Alexis_Piron,fr
Alexis de Tocqueville,/wiki/Alexis_de_Tocqueville,fr
Alfred Capus,/wiki/Alfred_Capus,fr
Alfred Jarry,/wiki/Alfred_Jarry,fr
Alfred de Musset,/wiki/Alfred_de_Musset,fr
Alfred de Vigny,/wiki/Alfred_de_Vigny,fr
Ali Zamir,/wiki/Ali_Zamir,fr
Alina Dumitrescu,/wiki/Alina_Dumitrescu,fr
Alioune Badara Coulibaly,/wiki/Alioune_Badara_Coulibaly,fr
Aloysius Bertrand,/wiki/Aloysius_Bertrand,fr
Alphonse Allais,/wiki/Alphonse_Allais,fr
Alphonse Beauregard,/wiki/Alphonse_Beauregard,fr
Alphonse Boudard,/wiki/Alphonse_Boudard,fr
Alphonse Daudet,/wiki/Alphonse_Daudet,fr
Alphonse Esquiros,/wiki/Alphonse_Esquiros,fr
Alphonse Rabbe,/wiki/Alphonse_Rabbe,fr
Alphonse de Châteaubriant,/wiki/Alphonse_de_Ch%C3%A2teaubriant,fr
Alphonse de Lamartine,/wiki/Alphonse_de_Lamartine,fr
Amadou Hampâté Bâ,/wiki/Amadou_Hamp%C3%A2t%C3%A9_B%C3%A2,fr
Ambroise Yxemerry,/wiki/Ambroise_Yxemerry,fr
Amin Maalouf,/wiki/Amin_Maalouf,fr
Amédée Achard,/wiki/Am%C3%A9d%C3%A9e_Achard,fr
Amélie Nothomb,/wiki/Am%C3%A9lie_Nothomb,fr
Anatole France,/wiki/Anatole_France,fr
Anatole Le Braz,/wiki/Anatole_Le_Braz,fr
Andreï Makine,/wiki/Andre%C3%AF_Makine,fr
André Baillon,/wiki/Andr%C3%A9_Baillon,fr
André Bay (écrivain),/wiki/Andr%C3%A9_Bay_(%C3%A9crivain),fr
André Billy,/wiki/Andr%C3%A9_Billy,fr
André Birabeau,/wiki/Andr%C3%A9_Birabeau,fr
André Breton,/wiki/Andr%C3%A9_Breton,fr
André Chamson,/wiki/Andr%C3%A9_Chamson,fr
André Chénier,/wiki/Andr%C3%A9_Ch%C3%A9nier,fr
André Dhôtel,/wiki/Andr%C3%A9_Dh%C3%B4tel,fr
André Frénaud,/wiki/Andr%C3%A9_Fr%C3%A9naud,fr
André Gide,/wiki/Andr%C3%A9_Gide,fr
André Hardellet,/wiki/Andr%C3%A9_Hardellet,fr
André Malraux,/wiki/Andr%C3%A9_Malraux,fr
André Mary,/wiki/Andr%C3%A9_Mary,fr
André Maurois,/wiki/Andr%C3%A9_Maurois,fr
André Pieyre de Mandiargues,/wiki/Andr%C3%A9_Pieyre_de_Mandiargues,fr
André Salmon,/wiki/Andr%C3%A9_Salmon,fr
André Schwarz-Bart,/wiki/Andr%C3%A9_Schwarz-Bart,fr
André Spire,/wiki/Andr%C3%A9_Spire,fr
André Suarès,/wiki/Andr%C3%A9_Suar%C3%A8s,fr
André de Rivaudeau,/wiki/Andr%C3%A9_de_Rivaudeau,fr
André-Joseph Dubois,/wiki/Andr%C3%A9-Joseph_Dubois,fr
Andrée Brunin,/wiki/Andr%C3%A9e_Brunin,fr
Andrée Chedid,/wiki/Andr%C3%A9e_Chedid,fr
Angèle Koster,/wiki/Ang%C3%A8le_Koster,fr
Ann Scott,/wiki/Ann_Scott,fr
Anna Gavalda,/wiki/Anna_Gavalda,fr
Anna de Noailles,/wiki/Anna_de_Noailles,fr
Anne Calife,/wiki/Anne_Calife,fr
Anne Cuneo,/wiki/Anne_Cuneo,fr
Anne Dutertre,/wiki/Anne_Dutertre,fr
Anne Godard,/wiki/Anne_Godard,fr
Anne Hébert,/wiki/Anne_H%C3%A9bert,fr
Anne Poiré,/wiki/Anne_Poir%C3%A9,fr
Anne Robert Jacques Turgot,/wiki/Anne_Robert_Jacques_Turgot,fr
Anne Révah,/wiki/Anne_R%C3%A9vah,fr
Anne Serre,/wiki/Anne_Serre,fr
Anne-Marie Simond,/wiki/Anne-Marie_Simond,fr
Annie Cohen,/wiki/Annie_Cohen,fr
Annie Degroote,/wiki/Annie_Degroote,fr
Annie Ernaux,/wiki/Annie_Ernaux,fr
Annie Lulu,/wiki/Annie_Lulu,fr
Annie Saumont,/wiki/Annie_Saumont,fr
Antoine Arnauld (1612-1694),/wiki/Antoine_Arnauld_(1612-1694),fr
Antoine Billot,/wiki/Antoine_Billot,fr
Antoine Blondin,/wiki/Antoine_Blondin,fr
Antoine Furetière,/wiki/Antoine_Fureti%C3%A8re,fr
Antoine Galland,/wiki/Antoine_Galland,fr
Antoine Gombaud,/wiki/Antoine_Gombaud,fr
Antoine Le Blanc de Guillet,/wiki/Antoine_Le_Blanc_de_Guillet,fr
Antoine Rault,/wiki/Antoine_Rault,fr
Antoine Volodine,/wiki/Antoine_Volodine,fr
Antoine de La Sale,/wiki/Antoine_de_La_Sale,fr
Antoine de Montchrestien,/wiki/Antoine_de_Montchrestien,fr
Antoine de Nervèze,/wiki/Antoine_de_Nerv%C3%A8ze,fr
Antoine de Saint-Exupéry,/wiki/Antoine_de_Saint-Exup%C3%A9ry,fr
Antoine-Eugène Gaulmier,/wiki/Antoine-Eug%C3%A8ne_Gaulmier,fr
Antoine-Isaac Silvestre de Sacy,/wiki/Antoine-Isaac_Silvestre_de_Sacy,fr
Antoine-Paulin Pihan,/wiki/Antoine-Paulin_Pihan,fr
Antoine-Roger Bolamba,/wiki/Antoine-Roger_Bolamba,fr
Antoinette Dilasser,/wiki/Antoinette_Dilasser,fr
Antoinette Legroing de La Maisonneuve,/wiki/Antoinette_Legroing_de_La_Maisonneuve,fr
Antonin Artaud,/wiki/Antonin_Artaud,fr
Ariane Fornia,/wiki/Ariane_Fornia,fr
Ariane Le Fort,/wiki/Ariane_Le_Fort,fr
Ariel Kenig,/wiki/Ariel_Kenig,fr
Aristide Marre,/wiki/Aristide_Marre,fr
Armand Boisbeleau de La Chapelle,/wiki/Armand_Boisbeleau_de_La_Chapelle,fr
Armand Lanoux,/wiki/Armand_Lanoux,fr
Armand Lapointe,/wiki/Armand_Lapointe,fr
Armand Louis de Gontaut-Biron,/wiki/Armand_Louis_de_Gontaut-Biron,fr
Armand Robin,/wiki/Armand_Robin,fr
Armand Salacrou,/wiki/Armand_Salacrou,fr
Armand Toupet,/wiki/Armand_Toupet,fr
Armel Guerne,/wiki/Armel_Guerne,fr
Arnauld Pontier,/wiki/Arnauld_Pontier,fr
Arnoul et Simon Gréban,/wiki/Arnoul_et_Simon_Gr%C3%A9ban,fr
Arthur Bernède,/wiki/Arthur_Bern%C3%A8de,fr
Arthur Buies,/wiki/Arthur_Buies,fr
Arthur Dreyfus,/wiki/Arthur_Dreyfus,fr
Arthur Rimbaud,/wiki/Arthur_Rimbaud,fr
Assia Djebar,/wiki/Assia_Djebar,fr
Atiq Rahimi,/wiki/Atiq_Rahimi,fr
Auguste Angellier,/wiki/Auguste_Angellier,fr
Auguste Anicet,/wiki/Auguste_Anicet,fr
Auguste Comte,/wiki/Auguste_Comte,fr
Auguste Gérard,/wiki/Auguste_G%C3%A9rard,fr
Auguste de Villiers de L'Isle-Adam,/wiki/Auguste_de_Villiers_de_L%27Isle-Adam,fr
Augustin Thierry,/wiki/Augustin_Thierry,fr
Augustine Gottis,/wiki/Augustine_Gottis,fr
Aziz Chouaki,/wiki/Aziz_Chouaki,fr
Azouz Begag,/wiki/Azouz_Begag,fr
Azzédine Bounemeur,/wiki/Azz%C3%A9dine_Bounemeur,fr
Barbara Constantine,/wiki/Barbara_Constantine,fr
Belinda Cannone,/wiki/Belinda_Cannone,fr
Benjamin Constant,/wiki/Benjamin_Constant,fr
Benjamin Fondane,/wiki/Benjamin_Fondane,fr
Benjamin Sehene,/wiki/Benjamin_Sehene,fr
Benoît Damon,/wiki/Beno%C3%AEt_Damon,fr
Benoît de Sainte-Maure,/wiki/Beno%C3%AEt_de_Sainte-Maure,fr
Bernard Assiniwi,/wiki/Bernard_Assiniwi,fr
Bernard Clavel,/wiki/Bernard_Clavel,fr
Bernard Comment,/wiki/Bernard_Comment,fr
Bernard Deloupy,/wiki/Bernard_Deloupy,fr
Bernard Desmaretz,/wiki/Bernard_Desmaretz,fr
Bernard Grasset (écrivain),/wiki/Bernard_Grasset_(%C3%A9crivain),fr
Bernard Le Bovier de Fontenelle,/wiki/Bernard_Le_Bovier_de_Fontenelle,fr
Bernard Lenteric,/wiki/Bernard_Lenteric,fr
Bernard Ollivier,/wiki/Bernard_Ollivier,fr
Bernard Simonay,/wiki/Bernard_Simonay,fr
Bernard Werber,/wiki/Bernard_Werber,fr
Bernard du Boucheron,/wiki/Bernard_du_Boucheron,fr
Bernard-Marie Koltès,/wiki/Bernard-Marie_Kolt%C3%A8s,fr
Bernard-Roger Mathieu,/wiki/Bernard-Roger_Mathieu,fr
Bertrand Poirot-Delpech,/wiki/Bertrand_Poirot-Delpech,fr
Blaise Cendrars,/wiki/Blaise_Cendrars,fr
Blaise Pascal,/wiki/Blaise_Pascal,fr
Blandine Le Callet,/wiki/Blandine_Le_Callet,fr
Blondel de Nesle,/wiki/Blondel_de_Nesle,fr
Bonaventure Des Périers,/wiki/Bonaventure_Des_P%C3%A9riers,fr
Boris Vian,/wiki/Boris_Vian,fr
Brantôme (écrivain),/wiki/Brant%C3%B4me_(%C3%A9crivain),fr
Brice Torrecillas,/wiki/Brice_Torrecillas,fr
Bryan Perro,/wiki/Bryan_Perro,fr
Béatrice Commengé,/wiki/B%C3%A9atrice_Commeng%C3%A9,fr
Béatrice Hammer,/wiki/B%C3%A9atrice_Hammer,fr
Béatrice Leca,/wiki/B%C3%A9atrice_Leca,fr
Béatrix Beck,/wiki/B%C3%A9atrix_Beck,fr
Bénigne Poissenot,/wiki/B%C3%A9nigne_Poissenot,fr
Béroul,/wiki/B%C3%A9roul,fr
Camara Nangala,/wiki/Camara_Nangala,fr
Camille Laurens (écrivain),/wiki/Camille_Laurens_(%C3%A9crivain),fr
Cardeline,/wiki/Cardeline,fr
Carla Lucarelli,/wiki/Carla_Lucarelli,fr
Carmen Bramly,/wiki/Carmen_Bramly,fr
Carole Martinez,/wiki/Carole_Martinez,fr
Caroline De Mulder,/wiki/Caroline_De_Mulder,fr
Caroline Lamarche,/wiki/Caroline_Lamarche,fr
Caryl Ferey,/wiki/Caryl_Ferey,fr
Casimir Delavigne,/wiki/Casimir_Delavigne,fr
Catherine Laboubée,/wiki/Catherine_Laboub%C3%A9e,fr
Catherine Pozzi,/wiki/Catherine_Pozzi,fr
Catherine-Joseph-Ferdinand Girard de Propiac,/wiki/Catherine-Joseph-Ferdinand_Girard_de_Propiac,fr
Catégorie:Article contenant un appel à traduction en tchèque,/wiki/Cat%C3%A9gorie:Article_contenant_un_appel_%C3%A0_traduction_en_tch%C3%A8que,fr
Catégorie:Chronologie de la littérature,/wiki/Cat%C3%A9gorie:Chronologie_de_la_litt%C3%A9rature,fr
Catégorie:Liste d'écrivains de langue française,/wiki/Cat%C3%A9gorie:Liste_d%27%C3%A9crivains_de_langue_fran%C3%A7aise,fr
Catégorie:Portail:Langue française et francophonie/Articles liés,/wiki/Cat%C3%A9gorie:Portail:Langue_fran%C3%A7aise_et_francophonie/Articles_li%C3%A9s,fr
Catégorie:Portail:Langues/Articles liés,/wiki/Cat%C3%A9gorie:Portail:Langues/Articles_li%C3%A9s,fr
Catégorie:Portail:Littérature/Articles liés,/wiki/Cat%C3%A9gorie:Portail:Litt%C3%A9rature/Articles_li%C3%A9s,fr
Celia Levi,/wiki/Celia_Levi,fr
Champfleury (écrivain),/wiki/Champfleury_(%C3%A9crivain),fr
Chanson de Roland,/wiki/Chanson_de_Roland,fr
Chantal Thomas,/wiki/Chantal_Thomas,fr
Charif Majdalani,/wiki/Charif_Majdalani,fr
Charles Baudelaire,/wiki/Charles_Baudelaire,fr
Charles Bernard (écrivain),/wiki/Charles_Bernard_(%C3%A9crivain),fr
Charles Cotin,/wiki/Charles_Cotin,fr
Charles Coypeau d'Assoucy,/wiki/Charles_Coypeau_d%27Assoucy,fr
Charles Cros,/wiki/Charles_Cros,fr
Charles De Coster,/wiki/Charles_De_Coster,fr
Charles Dufresny,/wiki/Charles_Dufresny,fr
Charles Exbrayat,/wiki/Charles_Exbrayat,fr
Charles François Philibert Masson,/wiki/Charles_Fran%C3%A7ois_Philibert_Masson,fr
Charles Galpérine,/wiki/Charles_Galp%C3%A9rine,fr
Charles Gouraud,/wiki/Charles_Gouraud,fr
Charles Ier d'Orléans,/wiki/Charles_Ier_d%27Orl%C3%A9ans,fr
Charles Juliet,/wiki/Charles_Juliet,fr
Charles Lancar,/wiki/Charles_Lancar,fr
Charles Lassailly,/wiki/Charles_Lassailly,fr
Charles Le Goffic,/wiki/Charles_Le_Goffic,fr
Charles Lecocq (poète),/wiki/Charles_Lecocq_(po%C3%A8te),fr
Charles Maurras,/wiki/Charles_Maurras,fr
Charles Nodier,/wiki/Charles_Nodier,fr
Charles Perrault,/wiki/Charles_Perrault,fr
Charles Pinot Duclos,/wiki/Charles_Pinot_Duclos,fr
Charles Péguy,/wiki/Charles_P%C3%A9guy,fr
Charles Rollin,/wiki/Charles_Rollin,fr
Charles Silvestre,/wiki/Charles_Silvestre,fr
Charles Sorel,/wiki/Charles_Sorel,fr
Charles de Marguetel de Saint-Denis de Saint-Evremond,/wiki/Charles_de_Marguetel_de_Saint-Denis_de_Saint-Evremond,fr
Charles-Augustin Sainte-Beuve,/wiki/Charles-Augustin_Sainte-Beuve,fr
Charles-Emmanuel Sédillot,/wiki/Charles-Emmanuel_S%C3%A9dillot,fr
Charles-Ferdinand Ramuz,/wiki/Charles-Ferdinand_Ramuz,fr
Charles-Joseph de Ligne,/wiki/Charles-Joseph_de_Ligne,fr
Charles-Louis Cadet de Gassicourt,/wiki/Charles-Louis_Cadet_de_Gassicourt,fr
Charles-Louis Philippe,/wiki/Charles-Louis_Philippe,fr
Charles-Maurice de Talleyrand-Périgord,/wiki/Charles-Maurice_de_Talleyrand-P%C3%A9rigord,fr
Charles-Simon Favart,/wiki/Charles-Simon_Favart,fr
Charles-Victor Prévost d'Arlincourt,/wiki/Charles-Victor_Pr%C3%A9vost_d%27Arlincourt,fr
Charlotte Aïssé,/wiki/Charlotte_A%C3%AFss%C3%A9,fr
Cheikh Hamidou Kane,/wiki/Cheikh_Hamidou_Kane,fr
Chloé Delaume,/wiki/Chlo%C3%A9_Delaume,fr
Choderlos de Laclos,/wiki/Choderlos_de_Laclos,fr
Christian Astolfi,/wiki/Christian_Astolfi,fr
Christian Bobin,/wiki/Christian_Bobin,fr
Christian Combaz,/wiki/Christian_Combaz,fr
Christian Dedet,/wiki/Christian_Dedet,fr
Christian Faure (historien),/wiki/Christian_Faure_(historien),fr
Christian Gailly,/wiki/Christian_Gailly,fr
Christian Oster,/wiki/Christian_Oster,fr
Christiane Dupuy,/wiki/Christiane_Dupuy,fr
Christiane Rochefort,/wiki/Christiane_Rochefort,fr
Christiane Saleh,/wiki/Christiane_Saleh,fr
Christine Angot,/wiki/Christine_Angot,fr
Christine de Pizan,/wiki/Christine_de_Pizan,fr
Christine de Rivoyre,/wiki/Christine_de_Rivoyre,fr
Christophe Ferré,/wiki/Christophe_Ferr%C3%A9,fr
Christophe Fiat,/wiki/Christophe_Fiat,fr
Christophe Honoré,/wiki/Christophe_Honor%C3%A9,fr
Christophe Spielberger,/wiki/Christophe_Spielberger,fr
Chrétien de Troyes,/wiki/Chr%C3%A9tien_de_Troyes,fr
Cizia Zykë,/wiki/Cizia_Zyk%C3%AB,fr
Claire Fourier,/wiki/Claire_Fourier,fr
Claire-Marie Mazarelli de Saint-Chamond,/wiki/Claire-Marie_Mazarelli_de_Saint-Chamond,fr
Claude Alibert,/wiki/Claude_Alibert,fr
Claude Anet,/wiki/Claude_Anet,fr
Claude Aveline,/wiki/Claude_Aveline,fr
Claude Cahun,/wiki/Claude_Cahun,fr
Claude Esil,/wiki/Claude_Esil,fr
Claude Esteban,/wiki/Claude_Esteban,fr
Claude Fauchet (1530-1602),/wiki/Claude_Fauchet_(1530-1602),fr
Claude Favre de Vaugelas,/wiki/Claude_Favre_de_Vaugelas,fr
Claude Fayet,/wiki/Claude_Fayet,fr
Claude Fleury,/wiki/Claude_Fleury,fr
Claude Jaunière,/wiki/Claude_Jauni%C3%A8re,fr
Claude Le Petit,/wiki/Claude_Le_Petit,fr
Claude Lévi-Strauss,/wiki/Claude_L%C3%A9vi-Strauss,fr
Claude Malleville,/wiki/Claude_Malleville,fr
Claude Ollier,/wiki/Claude_Ollier,fr
Claude Pujade-Renaud,/wiki/Claude_Pujade-Renaud,fr
Claude Ribbe,/wiki/Claude_Ribbe,fr
Claude Roy (écrivain),/wiki/Claude_Roy_(%C3%A9crivain),fr
Claude Simon,/wiki/Claude_Simon,fr
Claude Tillier,/wiki/Claude_Tillier,fr
Claude de Seyssel (archevêque),/wiki/Claude_de_Seyssel_(archev%C3%AAque),fr
Claude-Adrien Helvétius,/wiki/Claude-Adrien_Helv%C3%A9tius,fr
Claude-Emmanuelle Yance,/wiki/Claude-Emmanuelle_Yance,fr
Claude-Henri Rocquet,/wiki/Claude-Henri_Rocquet,fr
Claude-Prosper Jolyot de Crébillon,/wiki/Claude-Prosper_Jolyot_de_Cr%C3%A9billon,fr
Claudine Guérin de Tencin,/wiki/Claudine_Gu%C3%A9rin_de_Tencin,fr
Clémence Badère,/wiki/Cl%C3%A9mence_Bad%C3%A8re,fr
Clément Bénech,/wiki/Cl%C3%A9ment_B%C3%A9nech,fr
Clément Marot,/wiki/Cl%C3%A9ment_Marot,fr
Colette,/wiki/Colette,fr
Colette Brogniart,/wiki/Colette_Brogniart,fr
Colin Muset,/wiki/Colin_Muset,fr
Comtesse de Ségur,/wiki/Comtesse_de_S%C3%A9gur,fr
Conon de Béthune,/wiki/Conon_de_B%C3%A9thune,fr
Conrad Detrez,/wiki/Conrad_Detrez,fr
"Constantin-François Chassebœuf, Comte de Volney","/wiki/Constantin-Fran%C3%A7ois_Chasseb%C5%93uf,_Comte_de_Volney",fr
Cyril Massarotto,/wiki/Cyril_Massarotto,fr
Cécil Guitart,/wiki/C%C3%A9cil_Guitart,fr
Cécile Coulon,/wiki/C%C3%A9cile_Coulon,fr
Cédric Bannel,/wiki/C%C3%A9dric_Bannel,fr
Célestin-Virgile Adiko,/wiki/C%C3%A9lestin-Virgile_Adiko,fr
Célia Ibanez,/wiki/C%C3%A9lia_Ibanez,fr
Céline Curiol,/wiki/C%C3%A9line_Curiol,fr
César Vichard de Saint-Réal,/wiki/C%C3%A9sar_Vichard_de_Saint-R%C3%A9al,fr
Dan Franck,/wiki/Dan_Franck,fr
Daniel Boulanger,/wiki/Daniel_Boulanger,fr
Daniel Desbiens,/wiki/Daniel_Desbiens,fr
Daniel Maximin,/wiki/Daniel_Maximin,fr
Daniel Pennac,/wiki/Daniel_Pennac,fr
Daniel Zimmermann (écrivain),/wiki/Daniel_Zimmermann_(%C3%A9crivain),fr
Daniel de Roulet,/wiki/Daniel_de_Roulet,fr
Daniel-Rops,/wiki/Daniel-Rops,fr
Dany Laferrière,/wiki/Dany_Laferri%C3%A8re,fr
Dave Wilson (écrivain),/wiki/Dave_Wilson_(%C3%A9crivain),fr
David Foenkinos,/wiki/David_Foenkinos,fr
David Rochefort,/wiki/David_Rochefort,fr
Delphine Bertholon,/wiki/Delphine_Bertholon,fr
Delphine de Vigan,/wiki/Delphine_de_Vigan,fr
Denis Amiel,/wiki/Denis_Amiel,fr
Denis Diderot,/wiki/Denis_Diderot,fr
Denis Robert,/wiki/Denis_Robert,fr
Denise Bernhardt,/wiki/Denise_Bernhardt,fr
Didier Daeninckx,/wiki/Didier_Daeninckx,fr
Didier Pourquié,/wiki/Didier_Pourqui%C3%A9,fr
Dominic Bellavance,/wiki/Dominic_Bellavance,fr
Dominique Aguessy,/wiki/Dominique_Aguessy,fr
Dominique Aury,/wiki/Dominique_Aury,fr
Dominique Dupart,/wiki/Dominique_Dupart,fr
Dominique Fernandez,/wiki/Dominique_Fernandez,fr
Dominique Jamet,/wiki/Dominique_Jamet,fr
Dominique Rolin,/wiki/Dominique_Rolin,fr
Dominique Zardi,/wiki/Dominique_Zardi,fr
Donatien Alphonse François de Sade,/wiki/Donatien_Alphonse_Fran%C3%A7ois_de_Sade,fr
Driss Chraïbi,/wiki/Driss_Chra%C3%AFbi,fr
Dynah Psyché,/wiki/Dynah_Psych%C3%A9,fr
Désiré Nisard,/wiki/D%C3%A9sir%C3%A9_Nisard,fr
Désiré-Joseph d’Orbaix,/wiki/D%C3%A9sir%C3%A9-Joseph_d%E2%80%99Orbaix,fr
Edgar La Selve,/wiki/Edgar_La_Selve,fr
Edgar Quinet,/wiki/Edgar_Quinet,fr
Edmond About,/wiki/Edmond_About,fr
Edmond Jabès,/wiki/Edmond_Jab%C3%A8s,fr
Edmond Rostand,/wiki/Edmond_Rostand,fr
Edmond de Goncourt,/wiki/Edmond_de_Goncourt,fr
Edouard Bureau,/wiki/Edouard_Bureau,fr
Ella Maillart,/wiki/Ella_Maillart,fr
Elmira Chackal,/wiki/Elmira_Chackal,fr
Eloïse Lièvre,/wiki/Elo%C3%AFse_Li%C3%A8vre,fr
Elsa Triolet,/wiki/Elsa_Triolet,fr
Ely Boissin,/wiki/Ely_Boissin,fr
Emil Cioran,/wiki/Emil_Cioran,fr
Emmanuel Arène,/wiki/Emmanuel_Ar%C3%A8ne,fr
Emmanuel Bove,/wiki/Emmanuel_Bove,fr
Emmanuel Carrère,/wiki/Emmanuel_Carr%C3%A8re,fr
Emmanuel de Las Cases,/wiki/Emmanuel_de_Las_Cases,fr
Emmanuel-Henri Gaudicour (page inexistante),/w/index.php?title=Emmanuel-Henri_Gaudicour&action=edit&redlink=1,fr
Emmanuel-Philibert de Pingon,/wiki/Emmanuel-Philibert_de_Pingon,fr
Enguerrand de Monstrelet,/wiki/Enguerrand_de_Monstrelet,fr
Erckmann-Chatrian,/wiki/Erckmann-Chatrian,fr
Erik Orsenna,/wiki/Erik_Orsenna,fr
Ernest Boysse,/wiki/Ernest_Boysse,fr
Ernest Hello,/wiki/Ernest_Hello,fr
Ernest Pépin,/wiki/Ernest_P%C3%A9pin,fr
Ernest Renan,/wiki/Ernest_Renan,fr
Esprit Fléchier,/wiki/Esprit_Fl%C3%A9chier,fr
Eudes de Deuil,/wiki/Eudes_de_Deuil,fr
Eudes de Mézeray,/wiki/Eudes_de_M%C3%A9zeray,fr
Eugène André Despois,/wiki/Eug%C3%A8ne_Andr%C3%A9_Despois,fr
Eugène Chavette,/wiki/Eug%C3%A8ne_Chavette,fr
Eugène Dabit,/wiki/Eug%C3%A8ne_Dabit,fr
Eugène Fromentin,/wiki/Eug%C3%A8ne_Fromentin,fr
Eugène Guillevic,/wiki/Eug%C3%A8ne_Guillevic,fr
Eugène Ionesco,/wiki/Eug%C3%A8ne_Ionesco,fr
Eugène Labiche,/wiki/Eug%C3%A8ne_Labiche,fr
Eugène Le Roy,/wiki/Eug%C3%A8ne_Le_Roy,fr
Eugène Savitzkaya,/wiki/Eug%C3%A8ne_Savitzkaya,fr
Eugène Sue,/wiki/Eug%C3%A8ne_Sue,fr
Eugène-François Vidocq,/wiki/Eug%C3%A8ne-Fran%C3%A7ois_Vidocq,fr
Eustache Deschamps,/wiki/Eustache_Deschamps,fr
Eustache Marcadé,/wiki/Eustache_Marcad%C3%A9,fr
Fabrice Bourland,/wiki/Fabrice_Bourland,fr
Fabrice Defferrard,/wiki/Fabrice_Defferrard,fr
Fadhma Aït Mansour Amrouche,/wiki/Fadhma_A%C3%AFt_Mansour_Amrouche,fr
Fady Stephan,/wiki/Fady_Stephan,fr
Fatma Bouvet de la Maisonneuve,/wiki/Fatma_Bouvet_de_la_Maisonneuve,fr
Fatou Diome,/wiki/Fatou_Diome,fr
Faustine Noguès,/wiki/Faustine_Nogu%C3%A8s,fr
Faïza Guène,/wiki/Fa%C3%AFza_Gu%C3%A8ne,fr
Ferdinand Alquié,/wiki/Ferdinand_Alqui%C3%A9,fr
Fernand Crommelynck,/wiki/Fernand_Crommelynck,fr
Fernando Arrabal,/wiki/Fernando_Arrabal,fr
Ferréol Gassackys,/wiki/Ferr%C3%A9ol_Gassackys,fr
Florence Emptaz,/wiki/Florence_Emptaz,fr
Florence de Baudus,/wiki/Florence_de_Baudus,fr
Florent Chrestien,/wiki/Florent_Chrestien,fr
Francine de Selve,/wiki/Francine_de_Selve,fr
Francis Berthelot,/wiki/Francis_Berthelot,fr
Francis Carco,/wiki/Francis_Carco,fr
Francis Jammes,/wiki/Francis_Jammes,fr
Francis Picabia,/wiki/Francis_Picabia,fr
Francis Ponge,/wiki/Francis_Ponge,fr
Francis de Miomandre,/wiki/Francis_de_Miomandre,fr
Franck Thilliez,/wiki/Franck_Thilliez,fr
Frank Leduc,/wiki/Frank_Leduc,fr
Frankétienne,/wiki/Frank%C3%A9tienne,fr
Frantz Fanon,/wiki/Frantz_Fanon,fr
Frantz-André Burguet,/wiki/Frantz-Andr%C3%A9_Burguet,fr
François Andrieux,/wiki/Fran%C3%A7ois_Andrieux,fr
François Augiéras,/wiki/Fran%C3%A7ois_Augi%C3%A9ras,fr
François Barat,/wiki/Fran%C3%A7ois_Barat,fr
François Blanchet (1707-1784),/wiki/Fran%C3%A7ois_Blanchet_(1707-1784),fr
François Bon,/wiki/Fran%C3%A7ois_Bon,fr
François Briand,/wiki/Fran%C3%A7ois_Briand,fr
François Bégaudeau,/wiki/Fran%C3%A7ois_B%C3%A9gaudeau,fr
François Béroalde de Verville,/wiki/Fran%C3%A7ois_B%C3%A9roalde_de_Verville,fr
François Cavanna,/wiki/Fran%C3%A7ois_Cavanna,fr
François Cheng,/wiki/Fran%C3%A7ois_Cheng,fr
François Coppée,/wiki/Fran%C3%A7ois_Copp%C3%A9e,fr
François Emmanuel,/wiki/Fran%C3%A7ois_Emmanuel,fr
François Garasse,/wiki/Fran%C3%A7ois_Garasse,fr
François Guizot,/wiki/Fran%C3%A7ois_Guizot,fr
François Hotman,/wiki/Fran%C3%A7ois_Hotman,fr
François L'Hermite,/wiki/Fran%C3%A7ois_L%27Hermite,fr
François Le Métel de Boisrobert,/wiki/Fran%C3%A7ois_Le_M%C3%A9tel_de_Boisrobert,fr
François Mauriac,/wiki/Fran%C3%A7ois_Mauriac,fr
François Maynard,/wiki/Fran%C3%A7ois_Maynard,fr
François Muratet,/wiki/Fran%C3%A7ois_Muratet,fr
François Métais-Panterne,/wiki/Fran%C3%A7ois_M%C3%A9tais-Panterne,fr
François Nourissier,/wiki/Fran%C3%A7ois_Nourissier,fr
François Rabelais,/wiki/Fran%C3%A7ois_Rabelais,fr
François René Boullaire,/wiki/Fran%C3%A7ois_Ren%C3%A9_Boullaire,fr
François Scalion de Virbluneau,/wiki/Fran%C3%A7ois_Scalion_de_Virbluneau,fr
François Vallejo,/wiki/Fran%C3%A7ois_Vallejo,fr
François Villon,/wiki/Fran%C3%A7ois_Villon,fr
François d'Amboise,/wiki/Fran%C3%A7ois_d%27Amboise,fr
François de La Mothe Le Vayer (1588-1672),/wiki/Fran%C3%A7ois_de_La_Mothe_Le_Vayer_(1588-1672),fr
François de Louvencourt,/wiki/Fran%C3%A7ois_de_Louvencourt,fr
François de Malherbe,/wiki/Fran%C3%A7ois_de_Malherbe,fr
François de Sales,/wiki/Fran%C3%A7ois_de_Sales,fr
François de la Rochefoucauld,/wiki/Fran%C3%A7ois_de_la_Rochefoucauld,fr
François-Henri Désérable,/wiki/Fran%C3%A7ois-Henri_D%C3%A9s%C3%A9rable,fr
François-Jean Willemain d'Abancourt,/wiki/Fran%C3%A7ois-Jean_Willemain_d%27Abancourt,fr
François-Joseph Bérardier de Bataut,/wiki/Fran%C3%A7ois-Joseph_B%C3%A9rardier_de_Bataut,fr
François-Paul Alibert,/wiki/Fran%C3%A7ois-Paul_Alibert,fr
François-René de Chateaubriand,/wiki/Fran%C3%A7ois-Ren%C3%A9_de_Chateaubriand,fr
Françoise Bourdin,/wiki/Fran%C3%A7oise_Bourdin,fr
Françoise Bourdon,/wiki/Fran%C3%A7oise_Bourdon,fr
Françoise Chandernagor,/wiki/Fran%C3%A7oise_Chandernagor,fr
Françoise Dorin,/wiki/Fran%C3%A7oise_Dorin,fr
Françoise Mallet-Joris,/wiki/Fran%C3%A7oise_Mallet-Joris,fr
Françoise Nimal,/wiki/Fran%C3%A7oise_Nimal,fr
Françoise Sagan,/wiki/Fran%C3%A7oise_Sagan,fr
Françoise d'Eaubonne,/wiki/Fran%C3%A7oise_d%27Eaubonne,fr
Fred Vargas,/wiki/Fred_Vargas,fr
Frédéric Beigbeder,/wiki/Fr%C3%A9d%C3%A9ric_Beigbeder,fr
Frédéric Dard,/wiki/Fr%C3%A9d%C3%A9ric_Dard,fr
Frédéric Jacques Temple,/wiki/Fr%C3%A9d%C3%A9ric_Jacques_Temple,fr
Frédéric Kiesel,/wiki/Fr%C3%A9d%C3%A9ric_Kiesel,fr
Frédéric Lenormand,/wiki/Fr%C3%A9d%C3%A9ric_Lenormand,fr
Frédéric Livyns,/wiki/Fr%C3%A9d%C3%A9ric_Livyns,fr
Frédéric Vitoux,/wiki/Fr%C3%A9d%C3%A9ric_Vitoux,fr
Frédérick Tristan,/wiki/Fr%C3%A9d%C3%A9rick_Tristan,fr
Fustel de Coulanges,/wiki/Fustel_de_Coulanges,fr
Félicien Marceau,/wiki/F%C3%A9licien_Marceau,fr
Félicité Robert de Lamennais,/wiki/F%C3%A9licit%C3%A9_Robert_de_Lamennais,fr
Félicité de Genlis,/wiki/F%C3%A9licit%C3%A9_de_Genlis,fr
Félix Arvers,/wiki/F%C3%A9lix_Arvers,fr
Félix de Chazournes,/wiki/F%C3%A9lix_de_Chazournes,fr
Fénelon,/wiki/F%C3%A9nelon,fr
G. Bruno,/wiki/G._Bruno,fr
Gabriel Audisio (écrivain),/wiki/Gabriel_Audisio_(%C3%A9crivain),fr
Gabriel Bonnot de Mably,/wiki/Gabriel_Bonnot_de_Mably,fr
Gabriel Chevallier (écrivain),/wiki/Gabriel_Chevallier_(%C3%A9crivain),fr
Gabriel Matzneff,/wiki/Gabriel_Matzneff,fr
Gabriel de Guilleragues,/wiki/Gabriel_de_Guilleragues,fr
Gabrielle Roy,/wiki/Gabrielle_Roy,fr
Gabrielle Wittkop,/wiki/Gabrielle_Wittkop,fr
Gace Brulé,/wiki/Gace_Brul%C3%A9,fr
Gaston Arman de Caillavet,/wiki/Gaston_Arman_de_Caillavet,fr
Gaston Bachelard,/wiki/Gaston_Bachelard,fr
Gaston III de Foix-Béarn,/wiki/Gaston_III_de_Foix-B%C3%A9arn,fr
Gaston Leroux,/wiki/Gaston_Leroux,fr
Gautier Battistella,/wiki/Gautier_Battistella,fr
Gautier de Coinci,/wiki/Gautier_de_Coinci,fr
Gautier de Costes de La Calprenède,/wiki/Gautier_de_Costes_de_La_Calpren%C3%A8de,fr
Gauvain Quiéret,/wiki/Gauvain_Qui%C3%A9ret,fr
Gaétan Soucy,/wiki/Ga%C3%A9tan_Soucy,fr
Gaël Octavia,/wiki/Ga%C3%ABl_Octavia,fr
Gaëlle Bélem,/wiki/Ga%C3%ABlle_B%C3%A9lem,fr
Geneviève Fauconnier,/wiki/Genevi%C3%A8ve_Fauconnier,fr
Geneviève Ruxton,/wiki/Genevi%C3%A8ve_Ruxton,fr
Geoffroi de Villehardouin,/wiki/Geoffroi_de_Villehardouin,fr
George Sand,/wiki/George_Sand,fr
George-Albert Aurier,/wiki/George-Albert_Aurier,fr
Georges Ancey,/wiki/Georges_Ancey,fr
Georges Arnaud,/wiki/Georges_Arnaud,fr
Georges Bataille,/wiki/Georges_Bataille,fr
Georges Bernanos,/wiki/Georges_Bernanos,fr
Georges Bugnet,/wiki/Georges_Bugnet,fr
Georges Chastelain,/wiki/Georges_Chastelain,fr
Georges Courteline,/wiki/Georges_Courteline,fr
Georges Darien,/wiki/Georges_Darien,fr
Georges Duhamel,/wiki/Georges_Duhamel,fr
Georges Feydeau,/wiki/Georges_Feydeau,fr
Georges Limbour,/wiki/Georges_Limbour,fr
"Georges Louis Leclerc, comte de Buffon","/wiki/Georges_Louis_Leclerc,_comte_de_Buffon",fr
Georges Magnane,/wiki/Georges_Magnane,fr
Georges Ohnet,/wiki/Georges_Ohnet,fr
Georges Perec,/wiki/Georges_Perec,fr
Georges Perros,/wiki/Georges_Perros,fr
Georges Ribemont-Dessaignes,/wiki/Georges_Ribemont-Dessaignes,fr
Georges Rodenbach,/wiki/Georges_Rodenbach,fr
Georges Schehadé,/wiki/Georges_Schehad%C3%A9,fr
Georges Simenon,/wiki/Georges_Simenon,fr
Georges de Brébeuf,/wiki/Georges_de_Br%C3%A9beuf,fr
Georges de Peyrebrune,/wiki/Georges_de_Peyrebrune,fr
Georges de Porto-Riche,/wiki/Georges_de_Porto-Riche,fr
Georges de Scudéry,/wiki/Georges_de_Scud%C3%A9ry,fr
Georges-Emmanuel Clancier,/wiki/Georges-Emmanuel_Clancier,fr
Georges-Jean Arnaud,/wiki/Georges-Jean_Arnaud,fr
Georges-Noël Jeandrieu,/wiki/Georges-No%C3%ABl_Jeandrieu,fr
Georges-Olivier Châteaureynaud,/wiki/Georges-Olivier_Ch%C3%A2teaureynaud,fr
Germain Nouveau,/wiki/Germain_Nouveau,fr
Germaine Acremant,/wiki/Germaine_Acremant,fr
Germaine Mornand,/wiki/Germaine_Mornand,fr
Germaine de Staël,/wiki/Germaine_de_Sta%C3%ABl,fr
Ghislaine Dunant,/wiki/Ghislaine_Dunant,fr
Giacomo Casanova,/wiki/Giacomo_Casanova,fr
Gilbert Cesbron,/wiki/Gilbert_Cesbron,fr
Gilbert Lely,/wiki/Gilbert_Lely,fr
Gilbert Ponaman,/wiki/Gilbert_Ponaman,fr
Gilles Carpentier,/wiki/Gilles_Carpentier,fr
Gilles Le Muisit,/wiki/Gilles_Le_Muisit,fr
Gilles Legardinier,/wiki/Gilles_Legardinier,fr
Gilles Perrault,/wiki/Gilles_Perrault,fr
Gilles Sebhan,/wiki/Gilles_Sebhan,fr
Gilles de Gouberville,/wiki/Gilles_de_Gouberville,fr
Gisele Pineau,/wiki/Gisele_Pineau,fr
Giulio-Enrico Pisani,/wiki/Giulio-Enrico_Pisani,fr
Gobineau,/wiki/Gobineau,fr
Gonzague Saint Bris,/wiki/Gonzague_Saint_Bris,fr
Gordon Zola,/wiki/Gordon_Zola,fr
Grégoire Delacourt,/wiki/Gr%C3%A9goire_Delacourt,fr
Grégoire Polet,/wiki/Gr%C3%A9goire_Polet,fr
Guillaume Alexis,/wiki/Guillaume_Alexis,fr
Guillaume Apollinaire,/wiki/Guillaume_Apollinaire,fr
Guillaume Benech,/wiki/Guillaume_Benech,fr
Guillaume Bouchet,/wiki/Guillaume_Bouchet,fr
Guillaume Budé,/wiki/Guillaume_Bud%C3%A9,fr
Guillaume Colletet,/wiki/Guillaume_Colletet,fr
Guillaume Dubois (Crétin),/wiki/Guillaume_Dubois_(Cr%C3%A9tin),fr
Guillaume Favre,/wiki/Guillaume_Favre,fr
Guillaume Guéroult,/wiki/Guillaume_Gu%C3%A9roult,fr
Guillaume Musso,/wiki/Guillaume_Musso,fr
Guillaume Suzanne,/wiki/Guillaume_Suzanne,fr
Guillaume de Fonclare,/wiki/Guillaume_de_Fonclare,fr
Guillaume de La Perrière,/wiki/Guillaume_de_La_Perri%C3%A8re,fr
Guillaume de Lorris,/wiki/Guillaume_de_Lorris,fr
Guillaume de Machaut,/wiki/Guillaume_de_Machaut,fr
Guillaume de Saluste Du Bartas,/wiki/Guillaume_de_Saluste_Du_Bartas,fr
Guillaume du Vair,/wiki/Guillaume_du_Vair,fr
Gustave Belot,/wiki/Gustave_Belot,fr
Gustave Flaubert,/wiki/Gustave_Flaubert,fr
Gustave Kahn,/wiki/Gustave_Kahn,fr
Gustave Lanson,/wiki/Gustave_Lanson,fr
Gustave Le Bon,/wiki/Gustave_Le_Bon,fr
Guy Allix,/wiki/Guy_Allix,fr
Guy Charmasson,/wiki/Guy_Charmasson,fr
Guy Darol,/wiki/Guy_Darol,fr
Guy Goffette,/wiki/Guy_Goffette,fr
Guy Lévis Mano,/wiki/Guy_L%C3%A9vis_Mano,fr
Guy Patin,/wiki/Guy_Patin,fr
Guy de Maupassant,/wiki/Guy_de_Maupassant,fr
Guy des Cars,/wiki/Guy_des_Cars,fr
Gwenaëlle Aubry,/wiki/Gwena%C3%ABlle_Aubry,fr
Gyp,/wiki/Gyp,fr
Géo Norge,/wiki/G%C3%A9o_Norge,fr
Gérald Neveu,/wiki/G%C3%A9rald_Neveu,fr
Gérald Tenenbaum,/wiki/G%C3%A9rald_Tenenbaum,fr
Gérard Adam,/wiki/G%C3%A9rard_Adam,fr
Gérard Guégan,/wiki/G%C3%A9rard_Gu%C3%A9gan,fr
Gérard de Nerval,/wiki/G%C3%A9rard_de_Nerval,fr
Hamid Tibouchi,/wiki/Hamid_Tibouchi,fr
Handgod Abraham,/wiki/Handgod_Abraham,fr
Hector Malot,/wiki/Hector_Malot,fr
Hector de Saint-Denys Garneau,/wiki/Hector_de_Saint-Denys_Garneau,fr
Hedia Bensahli,/wiki/Hedia_Bensahli,fr
Heliane Bernard,/wiki/Heliane_Bernard,fr
Henri Bachelin,/wiki/Henri_Bachelin,fr
Henri Barbusse,/wiki/Henri_Barbusse,fr
Henri Bergson,/wiki/Henri_Bergson,fr
Henri Bernstein,/wiki/Henri_Bernstein,fr
Henri Bosco,/wiki/Henri_Bosco,fr
Henri Boudet,/wiki/Henri_Boudet,fr
Henri Béraud,/wiki/Henri_B%C3%A9raud,fr
Henri Charrière,/wiki/Henri_Charri%C3%A8re,fr
Henri Estienne,/wiki/Henri_Estienne,fr
Henri II de Rohan,/wiki/Henri_II_de_Rohan,fr
Henri Lammens,/wiki/Henri_Lammens,fr
Henri Michaux,/wiki/Henri_Michaux,fr
Henri Monnier,/wiki/Henri_Monnier,fr
Henri Pourrat,/wiki/Henri_Pourrat,fr
Henri Rochefort,/wiki/Henri_Rochefort,fr
Henri Sacchi,/wiki/Henri_Sacchi,fr
Henri Troyat,/wiki/Henri_Troyat,fr
Henri d'Andeli,/wiki/Henri_d%27Andeli,fr
Henri de Boulainvilliers,/wiki/Henri_de_Boulainvilliers,fr
Henri de Régnier,/wiki/Henri_de_R%C3%A9gnier,fr
Henri-Frédéric Amiel,/wiki/Henri-Fr%C3%A9d%C3%A9ric_Amiel,fr
Henri-Georges Jeanne,/wiki/Henri-Georges_Jeanne,fr
Henri-Raymond Casgrain,/wiki/Henri-Raymond_Casgrain,fr
Henriette Robitaillie,/wiki/Henriette_Robitaillie,fr
Henry Bataille,/wiki/Henry_Bataille,fr
Henry Bauchau,/wiki/Henry_Bauchau,fr
Henry Becque,/wiki/Henry_Becque,fr
Henry Bordeaux,/wiki/Henry_Bordeaux,fr
Henry Cormeau,/wiki/Henry_Cormeau,fr
Henry Gréville,/wiki/Henry_Gr%C3%A9ville,fr
Henry Jean-Marie Levet,/wiki/Henry_Jean-Marie_Levet,fr
Henry de Monfreid,/wiki/Henry_de_Monfreid,fr
Henry de Montherlant,/wiki/Henry_de_Montherlant,fr
Hervé Bazin,/wiki/Herv%C3%A9_Bazin,fr
Hervé Guibert,/wiki/Herv%C3%A9_Guibert,fr
Hervé Le Tellier,/wiki/Herv%C3%A9_Le_Tellier,fr
Hervé Mestron,/wiki/Herv%C3%A9_Mestron,fr
Hicham Nazzal,/wiki/Hicham_Nazzal,fr
Hiner Saleem,/wiki/Hiner_Saleem,fr
Hippolyte Taine,/wiki/Hippolyte_Taine,fr
Honorat de Bueil de Racan,/wiki/Honorat_de_Bueil_de_Racan,fr
Honoré Beaugrand,/wiki/Honor%C3%A9_Beaugrand,fr
Honoré Gabriel Riqueti de Mirabeau,/wiki/Honor%C3%A9_Gabriel_Riqueti_de_Mirabeau,fr
Honoré d'Urfé,/wiki/Honor%C3%A9_d%27Urf%C3%A9,fr
Honoré de Balzac,/wiki/Honor%C3%A9_de_Balzac,fr
Hubert Aquin,/wiki/Hubert_Aquin,fr
Hugues Rebell,/wiki/Hugues_Rebell,fr
Hégésippe Moreau,/wiki/H%C3%A9g%C3%A9sippe_Moreau,fr
Hélinand de Froidmont,/wiki/H%C3%A9linand_de_Froidmont,fr
Hélène de Monferrand,/wiki/H%C3%A9l%C3%A8ne_de_Monferrand,fr
Irène Hamoir,/wiki/Ir%C3%A8ne_Hamoir,fr
Irène Némirovsky,/wiki/Ir%C3%A8ne_N%C3%A9mirovsky,fr
Isaac Moumé Etia,/wiki/Isaac_Moum%C3%A9_Etia,fr
Isaac de Benserade,/wiki/Isaac_de_Benserade,fr
Isabelle Desesquelles,/wiki/Isabelle_Desesquelles,fr
Isabelle Flaten,/wiki/Isabelle_Flaten,fr
Isabelle Lorédan,/wiki/Isabelle_Lor%C3%A9dan,fr
Isabelle Marrier,/wiki/Isabelle_Marrier,fr
Isabelle de Charrière,/wiki/Isabelle_de_Charri%C3%A8re,fr
Isidore Ducasse,/wiki/Isidore_Ducasse,fr
J.M. Erre,/wiki/J.M._Erre,fr
Jack Thieuloy,/wiki/Jack_Thieuloy,fr
Jack-Alain Léger,/wiki/Jack-Alain_L%C3%A9ger,fr
Jacques Abbadie,/wiki/Jacques_Abbadie,fr
Jacques Amyot (évêque),/wiki/Jacques_Amyot_(%C3%A9v%C3%AAque),fr
Jacques Audiberti,/wiki/Jacques_Audiberti,fr
Jacques Bainville,/wiki/Jacques_Bainville,fr
Jacques Bellefroid,/wiki/Jacques_Bellefroid,fr
Jacques Bergier,/wiki/Jacques_Bergier,fr
Jacques Bornet,/wiki/Jacques_Bornet,fr
Jacques Boulenger,/wiki/Jacques_Boulenger,fr
Jacques Cazotte,/wiki/Jacques_Cazotte,fr
Jacques Chardonne,/wiki/Jacques_Chardonne,fr
Jacques Chausson,/wiki/Jacques_Chausson,fr
Jacques Choffel,/wiki/Jacques_Choffel,fr
Jacques Davy du Perron,/wiki/Jacques_Davy_du_Perron,fr
Jacques Delille,/wiki/Jacques_Delille,fr
Jacques Drillon,/wiki/Jacques_Drillon,fr
Jacques Dupin,/wiki/Jacques_Dupin,fr
Jacques Dyssord,/wiki/Jacques_Dyssord,fr
Jacques Godbout,/wiki/Jacques_Godbout,fr
Jacques Grévin,/wiki/Jacques_Gr%C3%A9vin,fr
Jacques Géraud,/wiki/Jacques_G%C3%A9raud,fr
Jacques Jouet,/wiki/Jacques_Jouet,fr
Jacques Laurent,/wiki/Jacques_Laurent,fr
Jacques Lefèvre d'Étaples,/wiki/Jacques_Lef%C3%A8vre_d%27%C3%89taples,fr
Jacques Madeleine,/wiki/Jacques_Madeleine,fr
Jacques Manguso,/wiki/Jacques_Manguso,fr
Jacques Normand (écrivain),/wiki/Jacques_Normand_(%C3%A9crivain),fr
Jacques Peletier du Mans,/wiki/Jacques_Peletier_du_Mans,fr
Jacques Pierre Brissot,/wiki/Jacques_Pierre_Brissot,fr
Jacques Prado,/wiki/Jacques_Prado,fr
Jacques Prévert,/wiki/Jacques_Pr%C3%A9vert,fr
Jacques Yver,/wiki/Jacques_Yver,fr
Jacques de Bourbon Busset,/wiki/Jacques_de_Bourbon_Busset,fr
Jacques de Lacretelle,/wiki/Jacques_de_Lacretelle,fr
Jacques-Arnaud Penent,/wiki/Jacques-Arnaud_Penent,fr
Jacques-Bénigne Bossuet,/wiki/Jacques-B%C3%A9nigne_Bossuet,fr
Jacques-François Ancelot,/wiki/Jacques-Fran%C3%A7ois_Ancelot,fr
Jacques-Henri Bernardin de Saint-Pierre,/wiki/Jacques-Henri_Bernardin_de_Saint-Pierre,fr
Jacques-Pierre Amette,/wiki/Jacques-Pierre_Amette,fr
Jan J. Dominique,/wiki/Jan_J._Dominique,fr
Janine Boissard,/wiki/Janine_Boissard,fr
Jean Aicard,/wiki/Jean_Aicard,fr
Jean Ajalbert,/wiki/Jean_Ajalbert,fr
Jean Alambre,/wiki/Jean_Alambre,fr
Jean Amrouche,/wiki/Jean_Amrouche,fr
Jean Anglade,/wiki/Jean_Anglade,fr
Jean Anouilh,/wiki/Jean_Anouilh,fr
Jean Anthelme Brillat-Savarin,/wiki/Jean_Anthelme_Brillat-Savarin,fr
Jean Aubert (écrivain),/wiki/Jean_Aubert_(%C3%A9crivain),fr
Jean Baptiste Lefebvre de Villebrune,/wiki/Jean_Baptiste_Lefebvre_de_Villebrune,fr
Jean Baudrillard,/wiki/Jean_Baudrillard,fr
Jean Bertaut,/wiki/Jean_Bertaut,fr
Jean Blanzat,/wiki/Jean_Blanzat,fr
Jean Bodel,/wiki/Jean_Bodel,fr
Jean Bodin,/wiki/Jean_Bodin,fr
Jean Bouchet,/wiki/Jean_Bouchet,fr
Jean Breton,/wiki/Jean_Breton,fr
Jean C. Baudet,/wiki/Jean_C._Baudet,fr
Jean Calvin,/wiki/Jean_Calvin,fr
Jean Cayrol,/wiki/Jean_Cayrol,fr
Jean Chapelain,/wiki/Jean_Chapelain,fr
Jean Cocteau,/wiki/Jean_Cocteau,fr
Jean Desmarets de Saint-Sorlin,/wiki/Jean_Desmarets_de_Saint-Sorlin,fr
Jean Donneau de Visé,/wiki/Jean_Donneau_de_Vis%C3%A9,fr
Jean Dutourd,/wiki/Jean_Dutourd,fr
Jean Duvergier de Hauranne,/wiki/Jean_Duvergier_de_Hauranne,fr
Jean Echenoz,/wiki/Jean_Echenoz,fr
Jean Follain,/wiki/Jean_Follain,fr
Jean Froissart,/wiki/Jean_Froissart,fr
Jean Gaulmier,/wiki/Jean_Gaulmier,fr
Jean Genet,/wiki/Jean_Genet,fr
Jean Giono,/wiki/Jean_Giono,fr
Jean Giraudoux,/wiki/Jean_Giraudoux,fr
Jean Grenier (écrivain),/wiki/Jean_Grenier_(%C3%A9crivain),fr
Jean Guitton,/wiki/Jean_Guitton,fr
Jean II Jouvenel des Ursins,/wiki/Jean_II_Jouvenel_des_Ursins,fr
Jean Lacouture,/wiki/Jean_Lacouture,fr
Jean Le Marchant,/wiki/Jean_Le_Marchant,fr
Jean Le Rond d'Alembert,/wiki/Jean_Le_Rond_d%27Alembert,fr
Jean Lemaire de Belges,/wiki/Jean_Lemaire_de_Belges,fr
Jean Lescure (écrivain),/wiki/Jean_Lescure_(%C3%A9crivain),fr
Jean Maillet,/wiki/Jean_Maillet,fr
Jean Mairet,/wiki/Jean_Mairet,fr
Jean Marcel,/wiki/Jean_Marcel,fr
Jean Marot (poète),/wiki/Jean_Marot_(po%C3%A8te),fr
Jean Marquet,/wiki/Jean_Marquet,fr
Jean Meckert,/wiki/Jean_Meckert,fr
Jean Michel (dramaturge),/wiki/Jean_Michel_(dramaturge),fr
Jean Molinet,/wiki/Jean_Molinet,fr
Jean Moréas,/wiki/Jean_Mor%C3%A9as,fr
Jean Métellus,/wiki/Jean_M%C3%A9tellus,fr
Jean Ogier de Gombauld,/wiki/Jean_Ogier_de_Gombauld,fr
Jean Papire Masson,/wiki/Jean_Papire_Masson,fr
Jean Passerat,/wiki/Jean_Passerat,fr
Jean Paulhan,/wiki/Jean_Paulhan,fr
Jean Pellerin,/wiki/Jean_Pellerin,fr
Jean Prévost (écrivain),/wiki/Jean_Pr%C3%A9vost_(%C3%A9crivain),fr
Jean Pélégri,/wiki/Jean_P%C3%A9l%C3%A9gri,fr
Jean Racine,/wiki/Jean_Racine,fr
Jean Raspail,/wiki/Jean_Raspail,fr
Jean Regnault de Segrais,/wiki/Jean_Regnault_de_Segrais,fr
Jean Renart,/wiki/Jean_Renart,fr
Jean Richepin,/wiki/Jean_Richepin,fr
Jean Rolin,/wiki/Jean_Rolin,fr
Jean Rouaud,/wiki/Jean_Rouaud,fr
Jean Simoneau,/wiki/Jean_Simoneau,fr
Jean Sénac (poète),/wiki/Jean_S%C3%A9nac_(po%C3%A8te),fr
Jean Tardieu,/wiki/Jean_Tardieu,fr
Jean V de Bueil,/wiki/Jean_V_de_Bueil,fr
Jean Vauquelin de La Fresnaye,/wiki/Jean_Vauquelin_de_La_Fresnaye,fr
Jean Venturini,/wiki/Jean_Venturini,fr
Jean d'Ormesson,/wiki/Jean_d%27Ormesson,fr
Jean d'Osta,/wiki/Jean_d%27Osta,fr
Jean de Courcy,/wiki/Jean_de_Courcy,fr
Jean de Gerson,/wiki/Jean_de_Gerson,fr
Jean de Joinville,/wiki/Jean_de_Joinville,fr
Jean de La Bruyère,/wiki/Jean_de_La_Bruy%C3%A8re,fr
Jean de La Ceppède,/wiki/Jean_de_La_Cepp%C3%A8de,fr
Jean de La Fontaine,/wiki/Jean_de_La_Fontaine,fr
Jean de La Taille de Bondaroy,/wiki/Jean_de_La_Taille_de_Bondaroy,fr
Jean de La Varende,/wiki/Jean_de_La_Varende,fr
Jean de La Ville de Mirmont,/wiki/Jean_de_La_Ville_de_Mirmont,fr
Jean de Meung,/wiki/Jean_de_Meung,fr
Jean de Rotrou,/wiki/Jean_de_Rotrou,fr
Jean de Schelandre,/wiki/Jean_de_Schelandre,fr
Jean de Sponde,/wiki/Jean_de_Sponde,fr
Jean de Venette,/wiki/Jean_de_Venette,fr
Jean des Vallières,/wiki/Jean_des_Valli%C3%A8res,fr
Jean le Bel,/wiki/Jean_le_Bel,fr
Jean-Antoine Roucher,/wiki/Jean-Antoine_Roucher,fr
Jean-Antoine de Baïf,/wiki/Jean-Antoine_de_Ba%C3%AFf,fr
Jean-Baptiste Baronian,/wiki/Jean-Baptiste_Baronian,fr
Jean-Baptiste Boyer d'Argens,/wiki/Jean-Baptiste_Boyer_d%27Argens,fr
Jean-Baptiste Chassignet,/wiki/Jean-Baptiste_Chassignet,fr
Jean-Baptiste Cinéas,/wiki/Jean-Baptiste_Cin%C3%A9as,fr
Jean-Baptiste Del Amo,/wiki/Jean-Baptiste_Del_Amo,fr
Jean-Baptiste Du Bos,/wiki/Jean-Baptiste_Du_Bos,fr
Jean-Baptiste Gresset,/wiki/Jean-Baptiste_Gresset,fr
Jean-Baptiste Louis de La Roche,/wiki/Jean-Baptiste_Louis_de_La_Roche,fr
Jean-Baptiste Rousseau,/wiki/Jean-Baptiste_Rousseau,fr
Jean-Benoît Puech,/wiki/Jean-Beno%C3%AEt_Puech,fr
Jean-Charles,/wiki/Jean-Charles,fr
Jean-Charles Pichon,/wiki/Jean-Charles_Pichon,fr
Jean-Christian Petitfils,/wiki/Jean-Christian_Petitfils,fr
Jean-Christophe Chaumette,/wiki/Jean-Christophe_Chaumette,fr
Jean-Christophe Grangé,/wiki/Jean-Christophe_Grang%C3%A9,fr
Jean-Claude Carrière,/wiki/Jean-Claude_Carri%C3%A8re,fr
Jean-Claude Clari,/wiki/Jean-Claude_Clari,fr
Jean-Claude Hauc,/wiki/Jean-Claude_Hauc,fr
Jean-Claude Michéa,/wiki/Jean-Claude_Mich%C3%A9a,fr
Jean-Claude Renard,/wiki/Jean-Claude_Renard,fr
Jean-Claude Rodet,/wiki/Jean-Claude_Rodet,fr
Jean-Edern Hallier,/wiki/Jean-Edern_Hallier,fr
Jean-François Chabrun,/wiki/Jean-Fran%C3%A7ois_Chabrun,fr
Jean-François Dauven,/wiki/Jean-Fran%C3%A7ois_Dauven,fr
Jean-François Marmontel,/wiki/Jean-Fran%C3%A7ois_Marmontel,fr
"Jean-François Paul de Gondi, cardinal de Retz","/wiki/Jean-Fran%C3%A7ois_Paul_de_Gondi,_cardinal_de_Retz",fr
Jean-François Regnard,/wiki/Jean-Fran%C3%A7ois_Regnard,fr
Jean-François Sarrasin,/wiki/Jean-Fran%C3%A7ois_Sarrasin,fr
Jean-François de La Croix,/wiki/Jean-Fran%C3%A7ois_de_La_Croix,fr
Jean-François de Saint-Lambert,/wiki/Jean-Fran%C3%A7ois_de_Saint-Lambert,fr
Jean-Jacques Ampère,/wiki/Jean-Jacques_Amp%C3%A8re,fr
Jean-Jacques Lefranc de Pompignan,/wiki/Jean-Jacques_Lefranc_de_Pompignan,fr
Jean-Jacques Rousseau,/wiki/Jean-Jacques_Rousseau,fr
Jean-Joseph Rabearivelo,/wiki/Jean-Joseph_Rabearivelo,fr
Jean-Louis Boncoeur,/wiki/Jean-Louis_Boncoeur,fr
Jean-Louis Curtis,/wiki/Jean-Louis_Curtis,fr
Jean-Louis Dubut de Laforest,/wiki/Jean-Louis_Dubut_de_Laforest,fr
Jean-Louis Guez de Balzac,/wiki/Jean-Louis_Guez_de_Balzac,fr
Jean-Louis M. Monod,/wiki/Jean-Louis_M._Monod,fr
Jean-Luc Benoziglio,/wiki/Jean-Luc_Benoziglio,fr
Jean-Luc Dubart,/wiki/Jean-Luc_Dubart,fr
Jean-Luc Yacine (page inexistante),/w/index.php?title=Jean-Luc_Yacine&action=edit&redlink=1,fr
Jean-Marc Dhainaut,/wiki/Jean-Marc_Dhainaut,fr
Jean-Marc Parisis,/wiki/Jean-Marc_Parisis,fr
Jean-Marie Déguignet,/wiki/Jean-Marie_D%C3%A9guignet,fr
Jean-Marie Gustave Le Clézio,/wiki/Jean-Marie_Gustave_Le_Cl%C3%A9zio,fr
Jean-Paul Carminati,/wiki/Jean-Paul_Carminati,fr
Jean-Paul Demure,/wiki/Jean-Paul_Demure,fr
Jean-Paul Dubois,/wiki/Jean-Paul_Dubois,fr
Jean-Paul Sartre,/wiki/Jean-Paul_Sartre,fr
Jean-Philippe Cazier,/wiki/Jean-Philippe_Cazier,fr
Jean-Philippe Toussaint,/wiki/Jean-Philippe_Toussaint,fr
Jean-Pierre Bastid,/wiki/Jean-Pierre_Bastid,fr
Jean-Pierre Camus,/wiki/Jean-Pierre_Camus,fr
Jean-Pierre Chabrol,/wiki/Jean-Pierre_Chabrol,fr
Jean-Pierre Claris de Florian,/wiki/Jean-Pierre_Claris_de_Florian,fr
Jean-Pierre Desthuilliers,/wiki/Jean-Pierre_Desthuilliers,fr
Jean-Pierre Naugrette,/wiki/Jean-Pierre_Naugrette,fr
Jean-Pierre Poccioni,/wiki/Jean-Pierre_Poccioni,fr
Jean-Pierre Thiollet,/wiki/Jean-Pierre_Thiollet,fr
Jean-Pierre Vallotton,/wiki/Jean-Pierre_Vallotton,fr
Jean-René Guay,/wiki/Jean-Ren%C3%A9_Guay,fr
Jean-René Huguenin,/wiki/Jean-Ren%C3%A9_Huguenin,fr
Jean-Robert Léonidas,/wiki/Jean-Robert_L%C3%A9onidas,fr
Jean-Sifrein Maury,/wiki/Jean-Sifrein_Maury,fr
Jean-Yves Collette,/wiki/Jean-Yves_Collette,fr
Jean-Yves Masson,/wiki/Jean-Yves_Masson,fr
Jeanne Filleul,/wiki/Jeanne_Filleul,fr
Jeanne Loiseau,/wiki/Jeanne_Loiseau,fr
Jeanne Tomasini,/wiki/Jeanne_Tomasini,fr
Jeanne-Marie Leprince de Beaumont,/wiki/Jeanne-Marie_Leprince_de_Beaumont,fr
Jeannette D. Ahonsou,/wiki/Jeannette_D._Ahonsou,fr
Jehan Régnier,/wiki/Jehan_R%C3%A9gnier,fr
Jehan-Rictus,/wiki/Jehan-Rictus,fr
Jennifer Richard,/wiki/Jennifer_Richard,fr
Jennifer Tellier,/wiki/Jennifer_Tellier,fr
Jessica Fièvre,/wiki/Jessica_Fi%C3%A8vre,fr
Joachim du Bellay,/wiki/Joachim_du_Bellay,fr
Johan Heliot,/wiki/Johan_Heliot,fr
John Dubouchet,/wiki/John_Dubouchet,fr
Jonathan Littell,/wiki/Jonathan_Littell,fr
Jorge Semprún,/wiki/Jorge_Sempr%C3%BAn,fr
Joris-Karl Huysmans,/wiki/Joris-Karl_Huysmans,fr
Joseph Bouchardy,/wiki/Joseph_Bouchardy,fr
Joseph Delteil (poète),/wiki/Joseph_Delteil_(po%C3%A8te),fr
Joseph Fiévée,/wiki/Joseph_Fi%C3%A9v%C3%A9e,fr
Joseph François Marie Malherbe,/wiki/Joseph_Fran%C3%A7ois_Marie_Malherbe,fr
Joseph Joffo,/wiki/Joseph_Joffo,fr
Joseph Joubert (moraliste),/wiki/Joseph_Joubert_(moraliste),fr
Joseph Kessel,/wiki/Joseph_Kessel,fr
Joseph Lanjuinais,/wiki/Joseph_Lanjuinais,fr
Joseph Malègue,/wiki/Joseph_Mal%C3%A8gue,fr
Joseph Sanial-Dubay,/wiki/Joseph_Sanial-Dubay,fr
Joseph de Maistre,/wiki/Joseph_de_Maistre,fr
Joseph-François-Gabriel Hennequin,/wiki/Joseph-Fran%C3%A7ois-Gabriel_Hennequin,fr
José de Bérys,/wiki/Jos%C3%A9_de_B%C3%A9rys,fr
José-Maria de Heredia,/wiki/Jos%C3%A9-Maria_de_Heredia,fr
Joë Bousquet,/wiki/Jo%C3%AB_Bousquet,fr
Joël Dicker,/wiki/Jo%C3%ABl_Dicker,fr
Joël Egloff,/wiki/Jo%C3%ABl_Egloff,fr
Joëlle Brethes,/wiki/Jo%C3%ABlle_Brethes,fr
Joëlle Stagoll,/wiki/Jo%C3%ABlle_Stagoll,fr
Jules Barbey d'Aurevilly,/wiki/Jules_Barbey_d%27Aurevilly,fr
Jules Claretie,/wiki/Jules_Claretie,fr
Jules Laforgue,/wiki/Jules_Laforgue,fr
Jules Lemaître,/wiki/Jules_Lema%C3%AEtre,fr
Jules Lermina,/wiki/Jules_Lermina,fr
Jules Michelet,/wiki/Jules_Michelet,fr
Jules Prior,/wiki/Jules_Prior,fr
Jules Renard,/wiki/Jules_Renard,fr
Jules Romains,/wiki/Jules_Romains,fr
Jules Roy,/wiki/Jules_Roy,fr
Jules Simon Troubat,/wiki/Jules_Simon_Troubat,fr
Jules Supervielle,/wiki/Jules_Supervielle,fr
Jules Vallès,/wiki/Jules_Vall%C3%A8s,fr
Jules Verne,/wiki/Jules_Verne,fr
Jules de Goncourt,/wiki/Jules_de_Goncourt,fr
Julie Annen,/wiki/Julie_Annen,fr
Julie Stanton,/wiki/Julie_Stanton,fr
Julien Campredon,/wiki/Julien_Campredon,fr
Julien Gracq,/wiki/Julien_Gracq,fr
Julien Green,/wiki/Julien_Green,fr
Julien Offray de La Mettrie,/wiki/Julien_Offray_de_La_Mettrie,fr
Julien Torma,/wiki/Julien_Torma,fr
Juliette Benzoni,/wiki/Juliette_Benzoni,fr
Julio Cortazar,/wiki/Julio_Cortazar,fr
Jérôme Carcopino,/wiki/J%C3%A9r%C3%B4me_Carcopino,fr
Jérôme Hesse,/wiki/J%C3%A9r%C3%B4me_Hesse,fr
Kama Sywor Kamanda,/wiki/Kama_Sywor_Kamanda,fr
Karelle Ménine,/wiki/Karelle_M%C3%A9nine,fr
Kate Milie,/wiki/Kate_Milie,fr
Kateb Yacine,/wiki/Kateb_Yacine,fr
Katy Rémy,/wiki/Katy_R%C3%A9my,fr
Kevin Bokeili,/wiki/Kevin_Bokeili,fr
Khalil Diallo,/wiki/Khalil_Diallo,fr
Kikou Yamata,/wiki/Kikou_Yamata,fr
Kossi Efoui,/wiki/Kossi_Efoui,fr
Laetitia Constant,/wiki/Laetitia_Constant,fr
Lamine Kamara,/wiki/Lamine_Kamara,fr
Langue française et francophonie,/wiki/Portail:Langue_fran%C3%A7aise_et_francophonie,fr
Lanza del Vasto,/wiki/Lanza_del_Vasto,fr
Laure Junot d'Abrantès,/wiki/Laure_Junot_d%27Abrant%C3%A8s,fr
Laure Manel,/wiki/Laure_Manel,fr
Laurence Cossé,/wiki/Laurence_Coss%C3%A9,fr
Laurence Iché,/wiki/Laurence_Ich%C3%A9,fr
Laurence Plazenet,/wiki/Laurence_Plazenet,fr
Laurent Chabin,/wiki/Laurent_Chabin,fr
Laurent Drelincourt,/wiki/Laurent_Drelincourt,fr
Laurent Eltschinger,/wiki/Laurent_Eltschinger,fr
Laurent Gaudé,/wiki/Laurent_Gaud%C3%A9,fr
Laurent Grison,/wiki/Laurent_Grison,fr
Laurent Mauvignier,/wiki/Laurent_Mauvignier,fr
Laurent Ségalen,/wiki/Laurent_S%C3%A9galen,fr
Laurent Tailhade,/wiki/Laurent_Tailhade,fr
Laurent de Graeve,/wiki/Laurent_de_Graeve,fr
Leconte de Lisle,/wiki/Leconte_de_Lisle,fr
Lenka Horňáková-Civade (page inexistante),/w/index.php?title=Lenka_Hor%C5%88%C3%A1kov%C3%A1-Civade&action=edit&redlink=1,fr
Leslie Kaplan,/wiki/Leslie_Kaplan,fr
Leïla Bouherrafa,/wiki/Le%C3%AFla_Bouherrafa,fr
Liliane Schraûwen,/wiki/Liliane_Schra%C3%BBwen,fr
Linda Maria Baros,/wiki/Linda_Maria_Baros,fr
Lionel Marek,/wiki/Lionel_Marek,fr
Lionel Ray,/wiki/Lionel_Ray,fr
Lionel-Édouard Martin,/wiki/Lionel-%C3%89douard_Martin,fr
Liste d'écrivains de langue française par ordre alphabétique,/wiki/Liste_d%27%C3%A9crivains_de_langue_fran%C3%A7aise_par_ordre_alphab%C3%A9tique,fr
Lodewijk Allaert,/wiki/Lodewijk_Allaert,fr
Louis Althusser,/wiki/Louis_Althusser,fr
Louis Anseaume,/wiki/Louis_Anseaume,fr
Louis Aragon,/wiki/Louis_Aragon,fr
Louis Artus,/wiki/Louis_Artus,fr
Louis Bourdaloue,/wiki/Louis_Bourdaloue,fr
Louis Brauquier,/wiki/Louis_Brauquier,fr
"Louis Carbogis, dit Carmontelle","/wiki/Louis_Carbogis,_dit_Carmontelle",fr
Louis Des Masures,/wiki/Louis_Des_Masures,fr
Louis Guillaume,/wiki/Louis_Guillaume,fr
Louis Guilloux,/wiki/Louis_Guilloux,fr
Louis Hémon,/wiki/Louis_H%C3%A9mon,fr
Louis Mandin,/wiki/Louis_Mandin,fr
Louis Marcel Devic,/wiki/Louis_Marcel_Devic,fr
Louis Moréri,/wiki/Louis_Mor%C3%A9ri,fr
Louis Ménard,/wiki/Louis_M%C3%A9nard,fr
Louis Pergaud,/wiki/Louis_Pergaud,fr
Louis Petit de Bachaumont,/wiki/Louis_Petit_de_Bachaumont,fr
Louis Poinsinet de Sivry,/wiki/Louis_Poinsinet_de_Sivry,fr
Louis Scutenaire,/wiki/Louis_Scutenaire,fr
"Louis de Rouvroy, duc de Saint-Simon","/wiki/Louis_de_Rouvroy,_duc_de_Saint-Simon",fr
"Louis Émond (écrivain, 1969)","/wiki/Louis_%C3%89mond_(%C3%A9crivain,_1969)",fr
Louis-Charles Caigniez,/wiki/Louis-Charles_Caigniez,fr
Louis-Ferdinand Céline,/wiki/Louis-Ferdinand_C%C3%A9line,fr
Louis-Jean-Baptiste Simonet de Maisonneuve,/wiki/Louis-Jean-Baptiste_Simonet_de_Maisonneuve,fr
Louis-René des Forêts,/wiki/Louis-Ren%C3%A9_des_For%C3%AAts,fr
Louis-Sébastien Mercier,/wiki/Louis-S%C3%A9bastien_Mercier,fr
Louise Drevet,/wiki/Louise_Drevet,fr
Louise Labé,/wiki/Louise_Lab%C3%A9,fr
Louise de Vilmorin,/wiki/Louise_de_Vilmorin,fr
Louise-Victorine Ackermann,/wiki/Louise-Victorine_Ackermann,fr
Loïc Barrière,/wiki/Lo%C3%AFc_Barri%C3%A8re,fr
Luc Dietrich,/wiki/Luc_Dietrich,fr
"Luc de Clapiers, marquis de Vauvenargues","/wiki/Luc_de_Clapiers,_marquis_de_Vauvenargues",fr
Lucie Delarue-Mardrus,/wiki/Lucie_Delarue-Mardrus,fr
Lucien Bodard,/wiki/Lucien_Bodard,fr
Lucien Rebatet,/wiki/Lucien_Rebatet,fr
Lucien Vassal,/wiki/Lucien_Vassal,fr
Ludo Sterman,/wiki/Ludo_Sterman,fr
Ludovic Deblois,/wiki/Ludovic_Deblois,fr
Lyonel Trouillot,/wiki/Lyonel_Trouillot,fr
Lémy Lémane Coco,/wiki/L%C3%A9my_L%C3%A9mane_Coco,fr
Léo Claretie,/wiki/L%C3%A9o_Claretie,fr
Léo Malet,/wiki/L%C3%A9o_Malet,fr
Léon Abric,/wiki/L%C3%A9on_Abric,fr
Léon Bloy,/wiki/L%C3%A9on_Bloy,fr
Léon Daudet,/wiki/L%C3%A9on_Daudet,fr
Léon Gautier,/wiki/L%C3%A9on_Gautier,fr
Léon Werth,/wiki/L%C3%A9on_Werth,fr
Léon-Gontran Damas,/wiki/L%C3%A9on-Gontran_Damas,fr
Léon-Paul Fargue,/wiki/L%C3%A9on-Paul_Fargue,fr
Madame Conrad Bastien,/wiki/Madame_Conrad_Bastien,fr
Madame de La Fayette,/wiki/Madame_de_La_Fayette,fr
Madame du Deffand,/wiki/Madame_du_Deffand,fr
Madeleine Bourdouxhe,/wiki/Madeleine_Bourdouxhe,fr
Madeleine Truel,/wiki/Madeleine_Truel,fr
Madeleine de Scudéry,/wiki/Madeleine_de_Scud%C3%A9ry,fr
Madeleine de Souvré,/wiki/Madeleine_de_Souvr%C3%A9,fr
Mahoua S. Bakayoko,/wiki/Mahoua_S._Bakayoko,fr
Malcolm de Chazal,/wiki/Malcolm_de_Chazal,fr
Mamadou Mahmoud N'Dongo,/wiki/Mamadou_Mahmoud_N%27Dongo,fr
Manuscrit,/wiki/Manuscrit,fr
Marc Alyn,/wiki/Marc_Alyn,fr
Marc Dugain,/wiki/Marc_Dugain,fr
Marc Graciano,/wiki/Marc_Graciano,fr
Marc Leclerc (écrivain),/wiki/Marc_Leclerc_(%C3%A9crivain),fr
Marc Levy,/wiki/Marc_Levy,fr
Marc Magro,/wiki/Marc_Magro,fr
Marc Patin,/wiki/Marc_Patin,fr
Marc-Antoine Girard de Saint-Amant,/wiki/Marc-Antoine_Girard_de_Saint-Amant,fr
Marc-Claude de Buttet,/wiki/Marc-Claude_de_Buttet,fr
Marc-Édouard Nabe,/wiki/Marc-%C3%89douard_Nabe,fr
Marcel Achard,/wiki/Marcel_Achard,fr
Marcel Allain,/wiki/Marcel_Allain,fr
Marcel Arland,/wiki/Marcel_Arland,fr
Marcel Aymé,/wiki/Marcel_Aym%C3%A9,fr
Marcel Jouhandeau,/wiki/Marcel_Jouhandeau,fr
Marcel Martinet,/wiki/Marcel_Martinet,fr
Marcel Pagnol,/wiki/Marcel_Pagnol,fr
Marcel Proust,/wiki/Marcel_Proust,fr
Marcel Schwob,/wiki/Marcel_Schwob,fr
Marcel Thiry,/wiki/Marcel_Thiry,fr
Marceline Desbordes-Valmore,/wiki/Marceline_Desbordes-Valmore,fr
Marguerite Audoux,/wiki/Marguerite_Audoux,fr
Marguerite Duras,/wiki/Marguerite_Duras,fr
Marguerite Porete,/wiki/Marguerite_Porete,fr
Marguerite Yourcenar,/wiki/Marguerite_Yourcenar,fr
Marguerite de Valois-Angoulême,/wiki/Marguerite_de_Valois-Angoul%C3%AAme,fr
Mariama Bâ,/wiki/Mariama_B%C3%A2,fr
Mariama Ndoye,/wiki/Mariama_Ndoye,fr
Marie Colot,/wiki/Marie_Colot,fr
Marie NDiaye,/wiki/Marie_NDiaye,fr
Marie Noël,/wiki/Marie_No%C3%ABl,fr
Marie Rotkopf,/wiki/Marie_Rotkopf,fr
Marie Rouanet,/wiki/Marie_Rouanet,fr
Marie d'Agon de la Contrie,/wiki/Marie_d%27Agon_de_la_Contrie,fr
Marie de France (poétesse),/wiki/Marie_de_France_(po%C3%A9tesse),fr
Marie de Lignac,/wiki/Marie_de_Lignac,fr
Marie-Alix de Putter,/wiki/Marie-Alix_de_Putter,fr
Marie-Anne Barbier,/wiki/Marie-Anne_Barbier,fr
Marie-Catherine d'Aulnoy,/wiki/Marie-Catherine_d%27Aulnoy,fr
Marie-Catherine de Villedieu,/wiki/Marie-Catherine_de_Villedieu,fr
Marie-Claire Blais,/wiki/Marie-Claire_Blais,fr
Marie-France Briselance,/wiki/Marie-France_Briselance,fr
Marie-Jeanne Riccoboni,/wiki/Marie-Jeanne_Riccoboni,fr
Marie-Joseph Lory,/wiki/Marie-Joseph_Lory,fr
Marie-Josée Christien,/wiki/Marie-Jos%C3%A9e_Christien,fr
Marie-Thérèse Colimon Hall,/wiki/Marie-Th%C3%A9r%C3%A8se_Colimon_Hall,fr
Marien Defalvard,/wiki/Marien_Defalvard,fr
Marin Le Roy de Gomberville,/wiki/Marin_Le_Roy_de_Gomberville,fr
Marion Chemin,/wiki/Marion_Chemin,fr
Marisol Drouin,/wiki/Marisol_Drouin,fr
Marivaux,/wiki/Marivaux,fr
Markus Hediger,/wiki/Markus_Hediger,fr
Marquise de Sévigné,/wiki/Marquise_de_S%C3%A9vign%C3%A9,fr
Marthe Bibesco,/wiki/Marthe_Bibesco,fr
Martial d'Auvergne,/wiki/Martial_d%27Auvergne,fr
Martin Le Franc,/wiki/Martin_Le_Franc,fr
Martine L. Jacquot,/wiki/Martine_L._Jacquot,fr
Maryline Desbiolles,/wiki/Maryline_Desbiolles,fr
Maryse Condé,/wiki/Maryse_Cond%C3%A9,fr
Mathias Enard,/wiki/Mathias_Enard,fr
Mathieu Brosseau,/wiki/Mathieu_Brosseau,fr
Mathieu Simonet (écrivain),/wiki/Mathieu_Simonet_(%C3%A9crivain),fr
Mathurin Régnier,/wiki/Mathurin_R%C3%A9gnier,fr
Matthieu Gosztola,/wiki/Matthieu_Gosztola,fr
Matylda Hagmajer,/wiki/Matylda_Hagmajer,fr
Maud Ventura,/wiki/Maud_Ventura,fr
Maurice Audebert,/wiki/Maurice_Audebert,fr
Maurice Barrès,/wiki/Maurice_Barr%C3%A8s,fr
Maurice Bedel,/wiki/Maurice_Bedel,fr
Maurice Blanchard,/wiki/Maurice_Blanchard,fr
Maurice Blanchot,/wiki/Maurice_Blanchot,fr
Maurice Champagne (écrivain français),/wiki/Maurice_Champagne_(%C3%A9crivain_fran%C3%A7ais),fr
Maurice Colin,/wiki/Maurice_Colin,fr
Maurice David (résistant),/wiki/Maurice_David_(r%C3%A9sistant),fr
Maurice Druon,/wiki/Maurice_Druon,fr
Maurice Fombeure,/wiki/Maurice_Fombeure,fr
Maurice G. Dantec,/wiki/Maurice_G._Dantec,fr
Maurice Garçot,/wiki/Maurice_Gar%C3%A7ot,fr
Maurice Genevoix,/wiki/Maurice_Genevoix,fr
Maurice Leblanc,/wiki/Maurice_Leblanc,fr
Maurice Loton,/wiki/Maurice_Loton,fr
Maurice Maeterlinck,/wiki/Maurice_Maeterlinck,fr
Maurice Rollinat,/wiki/Maurice_Rollinat,fr
Maurice Sachs,/wiki/Maurice_Sachs,fr
Maurice Scève,/wiki/Maurice_Sc%C3%A8ve,fr
Maurice Thuilière,/wiki/Maurice_Thuili%C3%A8re,fr
Maurice de Guérin,/wiki/Maurice_de_Gu%C3%A9rin,fr
Maurice-Élisabeth de Lavergne de Tressan,/wiki/Maurice-%C3%89lisabeth_de_Lavergne_de_Tressan,fr
Max Elskamp,/wiki/Max_Elskamp,fr
Max Ernst,/wiki/Max_Ernst,fr
Max Gallo,/wiki/Max_Gallo,fr
Max Genève,/wiki/Max_Gen%C3%A8ve,fr
Max Jacob,/wiki/Max_Jacob,fr
Maxime Chattam,/wiki/Maxime_Chattam,fr
Maximilien de Béthune (duc de Sully),/wiki/Maximilien_de_B%C3%A9thune_(duc_de_Sully),fr
Maylis Adhémar,/wiki/Maylis_Adh%C3%A9mar,fr
Maylis de Kerangal,/wiki/Maylis_de_Kerangal,fr
Mehdi Belhaj Kacem,/wiki/Mehdi_Belhaj_Kacem,fr
Mellin de Saint-Gelais,/wiki/Mellin_de_Saint-Gelais,fr
Mercedes Deambrosis,/wiki/Mercedes_Deambrosis,fr
Michault Taillevent,/wiki/Michault_Taillevent,fr
Michaël Ferrier,/wiki/Micha%C3%ABl_Ferrier,fr
Michel Baglin,/wiki/Michel_Baglin,fr
Michel Bibaud,/wiki/Michel_Bibaud,fr
Michel Butor,/wiki/Michel_Butor,fr
Michel Cordeboeuf,/wiki/Michel_Cordeboeuf,fr
Michel Déon,/wiki/Michel_D%C3%A9on,fr
Michel Ferracci-Porri,/wiki/Michel_Ferracci-Porri,fr
Michel Foucault,/wiki/Michel_Foucault,fr
Michel Houellebecq,/wiki/Michel_Houellebecq,fr
Michel Larneuil,/wiki/Michel_Larneuil,fr
Michel Leiris,/wiki/Michel_Leiris,fr
Michel Loirette,/wiki/Michel_Loirette,fr
Michel Procope-Couteaux,/wiki/Michel_Procope-Couteaux,fr
Michel Rio (écrivain),/wiki/Michel_Rio_(%C3%A9crivain),fr
Michel Zévaco,/wiki/Michel_Z%C3%A9vaco,fr
Michel de Ghelderode,/wiki/Michel_de_Ghelderode,fr
Michel de L'Hospital,/wiki/Michel_de_L%27Hospital,fr
Michel de Montaigne,/wiki/Michel_de_Montaigne,fr
Michel-Georges Micberth,/wiki/Michel-Georges_Micberth,fr
Michel-Jean Sedaine,/wiki/Michel-Jean_Sedaine,fr
Michelle Clément-Mainard,/wiki/Michelle_Cl%C3%A9ment-Mainard,fr
Michelle Fourez,/wiki/Michelle_Fourez,fr
Michèle Astrud,/wiki/Mich%C3%A8le_Astrud,fr
Michèle Lesbre,/wiki/Mich%C3%A8le_Lesbre,fr
Michèle Madar,/wiki/Mich%C3%A8le_Madar,fr
Mikhaïl W. Ramseier,/wiki/Mikha%C3%AFl_W._Ramseier,fr
Milan Dargent,/wiki/Milan_Dargent,fr
Milan Kundera,/wiki/Milan_Kundera,fr
Miriam Silesu,/wiki/Miriam_Silesu,fr
Mohamed Mbougar Sarr,/wiki/Mohamed_Mbougar_Sarr,fr
Mohammed Dib,/wiki/Mohammed_Dib,fr
Mohammed Khaïr-Eddine,/wiki/Mohammed_Kha%C3%AFr-Eddine,fr
Molière,/wiki/Moli%C3%A8re,fr
Mona Ozouf,/wiki/Mona_Ozouf,fr
Mongo Beti,/wiki/Mongo_Beti,fr
Monique Jouvancy,/wiki/Monique_Jouvancy,fr
Monique Thomassettie,/wiki/Monique_Thomassettie,fr
Monique Wittig,/wiki/Monique_Wittig,fr
Montesquieu (philosophe),/wiki/Montesquieu_(philosophe),fr
Mouloud Feraoun,/wiki/Mouloud_Feraoun,fr
Mouloud Mammeri,/wiki/Mouloud_Mammeri,fr
Moussa Konaté (écrivain),/wiki/Moussa_Konat%C3%A9_(%C3%A9crivain),fr
Muriel Barbery,/wiki/Muriel_Barbery,fr
Myriam Thibault,/wiki/Myriam_Thibault,fr
Médéric Charot,/wiki/M%C3%A9d%C3%A9ric_Charot,fr
Nabile Farès,/wiki/Nabile_Far%C3%A8s,fr
Nancy Huston,/wiki/Nancy_Huston,fr
Nathalie Kuperman,/wiki/Nathalie_Kuperman,fr
Nathalie Sarraute,/wiki/Nathalie_Sarraute,fr
Neel Doff,/wiki/Neel_Doff,fr
Nelly Arcan,/wiki/Nelly_Arcan,fr
Nicolas Boileau,/wiki/Nicolas_Boileau,fr
Nicolas Bouvier,/wiki/Nicolas_Bouvier,fr
Nicolas Edme Restif de La Bretonne,/wiki/Nicolas_Edme_Restif_de_La_Bretonne,fr
Nicolas Fargues,/wiki/Nicolas_Fargues,fr
Nicolas Gilbert,/wiki/Nicolas_Gilbert,fr
Nicolas Lebel (écrivain),/wiki/Nicolas_Lebel_(%C3%A9crivain),fr
Nicolas Malebranche,/wiki/Nicolas_Malebranche,fr
Nicolas Mathieu (écrivain),/wiki/Nicolas_Mathieu_(%C3%A9crivain),fr
Nicolas Rapin,/wiki/Nicolas_Rapin,fr
Nicolas Rey (écrivain),/wiki/Nicolas_Rey_(%C3%A9crivain),fr
Nicolas Rozier,/wiki/Nicolas_Rozier,fr
Nicolas de Condorcet,/wiki/Nicolas_de_Condorcet,fr
Nicole Malinconi,/wiki/Nicole_Malinconi,fr
Nicole Oresme,/wiki/Nicole_Oresme,fr
Nina Bouraoui,/wiki/Nina_Bouraoui,fr
Noël Devaulx,/wiki/No%C3%ABl_Devaulx,fr
Noël du Fail,/wiki/No%C3%ABl_du_Fail,fr
Nérée Beauchemin,/wiki/N%C3%A9r%C3%A9e_Beauchemin,fr
Octave Aubry,/wiki/Octave_Aubry,fr
Octave Lacroix,/wiki/Octave_Lacroix,fr
Octave Mirbeau,/wiki/Octave_Mirbeau,fr
Octavie Lagrange,/wiki/Octavie_Lagrange,fr
Octavien de Saint-Gelais,/wiki/Octavien_de_Saint-Gelais,fr
Odet de Turnèbe,/wiki/Odet_de_Turn%C3%A8be,fr
Olivia Rosenthal,/wiki/Olivia_Rosenthal,fr
Olivier Adam (écrivain),/wiki/Olivier_Adam_(%C3%A9crivain),fr
Olivier Benyahya,/wiki/Olivier_Benyahya,fr
Olivier Challet,/wiki/Olivier_Challet,fr
Olivier Delorme,/wiki/Olivier_Delorme,fr
Olivier Hodasava,/wiki/Olivier_Hodasava,fr
Olivier Rolin,/wiki/Olivier_Rolin,fr
Olivier Weber,/wiki/Olivier_Weber,fr
Olivier de La Marche,/wiki/Olivier_de_La_Marche,fr
Olivier de Serres,/wiki/Olivier_de_Serres,fr
Olympe de Gouges,/wiki/Olympe_de_Gouges,fr
Oscar Coop-Phane,/wiki/Oscar_Coop-Phane,fr
Oscar Venceslas de Lubicz Milosz,/wiki/Oscar_Venceslas_de_Lubicz_Milosz,fr
Ousmane Sembène,/wiki/Ousmane_Semb%C3%A8ne,fr
Pascal Garnier (écrivain),/wiki/Pascal_Garnier_(%C3%A9crivain),fr
Pascal Quignard,/wiki/Pascal_Quignard,fr
Patrice Lanoy,/wiki/Patrice_Lanoy,fr
Patrice de la Tour du Pin,/wiki/Patrice_de_la_Tour_du_Pin,fr
Patrice-Loup Rifaux,/wiki/Patrice-Loup_Rifaux,fr
Patrick Besson,/wiki/Patrick_Besson,fr
Patrick Bouvet,/wiki/Patrick_Bouvet,fr
Patrick Breuzé,/wiki/Patrick_Breuz%C3%A9,fr
Patrick Chamoiseau,/wiki/Patrick_Chamoiseau,fr
Patrick Cintas,/wiki/Patrick_Cintas,fr
Patrick Cloux,/wiki/Patrick_Cloux,fr
Patrick Deville,/wiki/Patrick_Deville,fr
Patrick Grainville,/wiki/Patrick_Grainville,fr
Patrick Lowie,/wiki/Patrick_Lowie,fr
Patrick Modiano,/wiki/Patrick_Modiano,fr
Patrick Poivre d'Arvor,/wiki/Patrick_Poivre_d%27Arvor,fr
Patrick Rambaud,/wiki/Patrick_Rambaud,fr
Patrick Roegiers,/wiki/Patrick_Roegiers,fr
Patrick Senécal,/wiki/Patrick_Sen%C3%A9cal,fr
Paul Acker,/wiki/Paul_Acker,fr
Paul Adam,/wiki/Paul_Adam,fr
Paul Alexis,/wiki/Paul_Alexis,fr
Paul Arène,/wiki/Paul_Ar%C3%A8ne,fr
Paul Bourget,/wiki/Paul_Bourget,fr
Paul Cazin,/wiki/Paul_Cazin,fr
Paul Claudel,/wiki/Paul_Claudel,fr
Paul Cunisset-Carnot,/wiki/Paul_Cunisset-Carnot,fr
Paul Deschanel,/wiki/Paul_Deschanel,fr
Paul Emond,/wiki/Paul_Emond,fr
Paul Fort,/wiki/Paul_Fort,fr
Paul Fournel,/wiki/Paul_Fournel,fr
Paul Féval,/wiki/Paul_F%C3%A9val,fr
Paul Gadenne,/wiki/Paul_Gadenne,fr
Paul Guth,/wiki/Paul_Guth,fr
"Paul Henri Dietrich, baron d'Holbach","/wiki/Paul_Henri_Dietrich,_baron_d%27Holbach",fr
Paul Ivoire,/wiki/Paul_Ivoire,fr
Paul Léautaud,/wiki/Paul_L%C3%A9autaud,fr
Paul Margueritte,/wiki/Paul_Margueritte,fr
Paul Morand,/wiki/Paul_Morand,fr
Paul Morelle,/wiki/Paul_Morelle,fr
Paul Scarron,/wiki/Paul_Scarron,fr
Paul Valéry,/wiki/Paul_Val%C3%A9ry,fr
Paul Verlaine,/wiki/Paul_Verlaine,fr
Paul Vialar,/wiki/Paul_Vialar,fr
Paul Vibert (homme de lettres),/wiki/Paul_Vibert_(homme_de_lettres),fr
Paul de Kock,/wiki/Paul_de_Kock,fr
Paul Éluard,/wiki/Paul_%C3%89luard,fr
Paul-Jean Toulet,/wiki/Paul-Jean_Toulet,fr
Paul-Louis Courier de Méré,/wiki/Paul-Louis_Courier_de_M%C3%A9r%C3%A9,fr
Percy Kemp,/wiki/Percy_Kemp,fr
Petru Dumitriu,/wiki/Petru_Dumitriu,fr
Petrus Borel,/wiki/Petrus_Borel,fr
Pham Van Ky,/wiki/Pham_Van_Ky,fr
Philippe Besson,/wiki/Philippe_Besson,fr
Philippe Boyer (écrivain),/wiki/Philippe_Boyer_(%C3%A9crivain),fr
Philippe Claudel,/wiki/Philippe_Claudel,fr
Philippe Delerm,/wiki/Philippe_Delerm,fr
Philippe Desportes,/wiki/Philippe_Desportes,fr
Philippe Di Folco,/wiki/Philippe_Di_Folco,fr
Philippe Djian,/wiki/Philippe_Djian,fr
Philippe Duplessis-Mornay,/wiki/Philippe_Duplessis-Mornay,fr
Philippe Fournier (écrivain),/wiki/Philippe_Fournier_(%C3%A9crivain),fr
Philippe Gourdin,/wiki/Philippe_Gourdin,fr
Philippe Guénin,/wiki/Philippe_Gu%C3%A9nin,fr
Philippe Hériat,/wiki/Philippe_H%C3%A9riat,fr
Philippe Jaccottet,/wiki/Philippe_Jaccottet,fr
Philippe Lafitte,/wiki/Philippe_Lafitte,fr
Philippe Leuckx,/wiki/Philippe_Leuckx,fr
Philippe Marczewski,/wiki/Philippe_Marczewski,fr
Philippe Morvan,/wiki/Philippe_Morvan,fr
Philippe Muray,/wiki/Philippe_Muray,fr
Philippe Néricault Destouches,/wiki/Philippe_N%C3%A9ricault_Destouches,fr
Philippe Quinault,/wiki/Philippe_Quinault,fr
Philippe Sollers,/wiki/Philippe_Sollers,fr
Philippe Soupault,/wiki/Philippe_Soupault,fr
Philippe Ségur,/wiki/Philippe_S%C3%A9gur,fr
Philippe de Commynes,/wiki/Philippe_de_Commynes,fr
Philippe de Courcillon de Dangeau,/wiki/Philippe_de_Courcillon_de_Dangeau,fr
Philippe de Remy,/wiki/Philippe_de_Remy,fr
Philippe de Thaon,/wiki/Philippe_de_Thaon,fr
Philippe de Zara,/wiki/Philippe_de_Zara,fr
Philothée O'Neddy,/wiki/Philoth%C3%A9e_O%27Neddy,fr
Pierre Abraham de La Bretonnière,/wiki/Pierre_Abraham_de_La_Bretonni%C3%A8re,fr
Pierre Albert-Birot,/wiki/Pierre_Albert-Birot,fr
Pierre Bayle,/wiki/Pierre_Bayle,fr
Pierre Benoit,/wiki/Pierre_Benoit,fr
Pierre Bergounioux,/wiki/Pierre_Bergounioux,fr
Pierre Bersuire,/wiki/Pierre_Bersuire,fr
Pierre Billon (écrivain),/wiki/Pierre_Billon_(%C3%A9crivain),fr
Pierre Bottero,/wiki/Pierre_Bottero,fr
Pierre Boulle,/wiki/Pierre_Boulle,fr
Pierre Charron,/wiki/Pierre_Charron,fr
Pierre Combescot,/wiki/Pierre_Combescot,fr
Pierre Corneille,/wiki/Pierre_Corneille,fr
Pierre Daninos,/wiki/Pierre_Daninos,fr
Pierre Decourcelle,/wiki/Pierre_Decourcelle,fr
Pierre Desproges,/wiki/Pierre_Desproges,fr
Pierre Drieu la Rochelle,/wiki/Pierre_Drieu_la_Rochelle,fr
Pierre Du Ryer,/wiki/Pierre_Du_Ryer,fr
Pierre Gamarra,/wiki/Pierre_Gamarra,fr
Pierre Gringore,/wiki/Pierre_Gringore,fr
Pierre Guyotat,/wiki/Pierre_Guyotat,fr
Pierre Guéry,/wiki/Pierre_Gu%C3%A9ry,fr
Pierre Henri Cami,/wiki/Pierre_Henri_Cami,fr
Pierre Jean Jouve,/wiki/Pierre_Jean_Jouve,fr
Pierre Latrobe,/wiki/Pierre_Latrobe,fr
Pierre Le Moyne,/wiki/Pierre_Le_Moyne,fr
Pierre Lemaitre,/wiki/Pierre_Lemaitre,fr
Pierre Loti,/wiki/Pierre_Loti,fr
Pierre Louÿs,/wiki/Pierre_Lou%C3%BFs,fr
Pierre Mac-Orlan,/wiki/Pierre_Mac-Orlan,fr
Pierre Mertens,/wiki/Pierre_Mertens,fr
Pierre Michon,/wiki/Pierre_Michon,fr
Pierre Molaine,/wiki/Pierre_Molaine,fr
"Pierre Ménard (écrivain, 1969)","/wiki/Pierre_M%C3%A9nard_(%C3%A9crivain,_1969)",fr
Pierre Mérot,/wiki/Pierre_M%C3%A9rot,fr
Pierre Pachet,/wiki/Pierre_Pachet,fr
Pierre Perrin de Chassagne,/wiki/Pierre_Perrin_de_Chassagne,fr
Pierre Pithou,/wiki/Pierre_Pithou,fr
Pierre Reverdy,/wiki/Pierre_Reverdy,fr
Pierre Schoendoerffer,/wiki/Pierre_Schoendoerffer,fr
Pierre Souvestre,/wiki/Pierre_Souvestre,fr
Pierre Vabre,/wiki/Pierre_Vabre,fr
Pierre Viret,/wiki/Pierre_Viret,fr
Pierre Yergeau,/wiki/Pierre_Yergeau,fr
Pierre Zaccone,/wiki/Pierre_Zaccone,fr
Pierre de Boisguilbert,/wiki/Pierre_de_Boisguilbert,fr
Pierre de L'Estoile,/wiki/Pierre_de_L%27Estoile,fr
Pierre de Larivey,/wiki/Pierre_de_Larivey,fr
Pierre de Ronsard,/wiki/Pierre_de_Ronsard,fr
Pierre-Antoine Lebrun,/wiki/Pierre-Antoine_Lebrun,fr
Pierre-Augustin Caron de Beaumarchais,/wiki/Pierre-Augustin_Caron_de_Beaumarchais,fr
Pierre-Jean de Béranger,/wiki/Pierre-Jean_de_B%C3%A9ranger,fr
Pierre-Joseph Proudhon,/wiki/Pierre-Joseph_Proudhon,fr
Pontus de Tyard,/wiki/Pontus_de_Tyard,fr
Portail de la littérature,/wiki/Portail:Litt%C3%A9rature,fr
Portail:Langue française et francophonie,/wiki/Portail:Langue_fran%C3%A7aise_et_francophonie,fr
Portail:Littérature,/wiki/Portail:Litt%C3%A9rature,fr
Prosper Jolyot de Crébillon,/wiki/Prosper_Jolyot_de_Cr%C3%A9billon,fr
Prosper Mérimée,/wiki/Prosper_M%C3%A9rim%C3%A9e,fr
Prosper de Barante,/wiki/Prosper_de_Barante,fr
Rachel Monnat,/wiki/Rachel_Monnat,fr
Ramdane Issaad,/wiki/Ramdane_Issaad,fr
Ramy Zein,/wiki/Ramy_Zein,fr
Ramzi T. Salamé,/wiki/Ramzi_T._Salam%C3%A9,fr
Raoul de Navery,/wiki/Raoul_de_Navery,fr
Raphaël Aubert,/wiki/Rapha%C3%ABl_Aubert,fr
Raphaël Tardon,/wiki/Rapha%C3%ABl_Tardon,fr
Raymond Abellio,/wiki/Raymond_Abellio,fr
Raymond Aron,/wiki/Raymond_Aron,fr
Raymond Penblanc,/wiki/Raymond_Penblanc,fr
Raymond Queneau,/wiki/Raymond_Queneau,fr
Raymond Radiguet,/wiki/Raymond_Radiguet,fr
Raymond Roussel,/wiki/Raymond_Roussel,fr
Razika Adnani,/wiki/Razika_Adnani,fr
Reinhart Dozy,/wiki/Reinhart_Dozy,fr
Remy de Gourmont,/wiki/Remy_de_Gourmont,fr
Renaud Camus,/wiki/Renaud_Camus,fr
René Arcos,/wiki/Ren%C3%A9_Arcos,fr
René Ballet,/wiki/Ren%C3%A9_Ballet,fr
René Barjavel,/wiki/Ren%C3%A9_Barjavel,fr
René Bazin,/wiki/Ren%C3%A9_Bazin,fr
René Benjamin,/wiki/Ren%C3%A9_Benjamin,fr
René Boylesve,/wiki/Ren%C3%A9_Boylesve,fr
René Béhaine,/wiki/Ren%C3%A9_B%C3%A9haine,fr
René Char,/wiki/Ren%C3%A9_Char,fr
René Daumal,/wiki/Ren%C3%A9_Daumal,fr
René David (auteur),/wiki/Ren%C3%A9_David_(auteur),fr
René Descartes,/wiki/Ren%C3%A9_Descartes,fr
René Fallet,/wiki/Ren%C3%A9_Fallet,fr
René Frégni,/wiki/Ren%C3%A9_Fr%C3%A9gni,fr
René Ghil,/wiki/Ren%C3%A9_Ghil,fr
René Huyghe,/wiki/Ren%C3%A9_Huyghe,fr
René Masson,/wiki/Ren%C3%A9_Masson,fr
René de Ceccatty,/wiki/Ren%C3%A9_de_Ceccatty,fr
René de Obaldia,/wiki/Ren%C3%A9_de_Obaldia,fr
René-Charles Guilbert de Pixérécourt,/wiki/Ren%C3%A9-Charles_Guilbert_de_Pix%C3%A9r%C3%A9court,fr
René-Louis de Voyer de Paulmy d'Argenson,/wiki/Ren%C3%A9-Louis_de_Voyer_de_Paulmy_d%27Argenson,fr
René-Victor Pilhes,/wiki/Ren%C3%A9-Victor_Pilhes,fr
Richard Bellon,/wiki/Richard_Bellon,fr
Richard Khaitzine,/wiki/Richard_Khaitzine,fr
Richard Millet,/wiki/Richard_Millet,fr
Richard Morgiève,/wiki/Richard_Morgi%C3%A8ve,fr
Richemont Banchereau,/wiki/Richemont_Banchereau,fr
Rober Racine,/wiki/Rober_Racine,fr
Robert Brasillach,/wiki/Robert_Brasillach,fr
Robert Desnos,/wiki/Robert_Desnos,fr
Robert Garnier,/wiki/Robert_Garnier,fr
Robert Goffin,/wiki/Robert_Goffin,fr
Robert Lalonde,/wiki/Robert_Lalonde,fr
Robert Merle,/wiki/Robert_Merle,fr
Robert Perrein,/wiki/Robert_Perrein,fr
Robert Pinget,/wiki/Robert_Pinget,fr
Robert Rius,/wiki/Robert_Rius,fr
Robert Sabatier,/wiki/Robert_Sabatier,fr
Robert de Flers,/wiki/Robert_de_Flers,fr
Roger Boussinot,/wiki/Roger_Boussinot,fr
Roger Caillois,/wiki/Roger_Caillois,fr
Roger Foulon,/wiki/Roger_Foulon,fr
Roger Frison-Roche,/wiki/Roger_Frison-Roche,fr
Roger Gilbert-Lecomte,/wiki/Roger_Gilbert-Lecomte,fr
Roger Grenier,/wiki/Roger_Grenier,fr
Roger Ikor,/wiki/Roger_Ikor,fr
Roger Martin (écrivain),/wiki/Roger_Martin_(%C3%A9crivain),fr
Roger Martin du Gard,/wiki/Roger_Martin_du_Gard,fr
Roger Nimier,/wiki/Roger_Nimier,fr
Roger Peyrefitte,/wiki/Roger_Peyrefitte,fr
Roger Rabiniaux,/wiki/Roger_Rabiniaux,fr
Roger Vailland,/wiki/Roger_Vailland,fr
Roger Vercel,/wiki/Roger_Vercel,fr
Roger Vitrac,/wiki/Roger_Vitrac,fr
Roger de Bussy-Rabutin,/wiki/Roger_de_Bussy-Rabutin,fr
Roland Dorgelès,/wiki/Roland_Dorgel%C3%A8s,fr
Roland Michel Tremblay,/wiki/Roland_Michel_Tremblay,fr
Romain Gary,/wiki/Romain_Gary,fr
Romain Rolland,/wiki/Romain_Rolland,fr
Romain Slocombe,/wiki/Romain_Slocombe,fr
Romaine Cauque,/wiki/Romaine_Cauque,fr
Rose de Laval,/wiki/Rose_de_Laval,fr
Rutebeuf,/wiki/Rutebeuf,fr
Réda Chimcrit,/wiki/R%C3%A9da_Chimcrit,fr
Régis Goddyn,/wiki/R%C3%A9gis_Goddyn,fr
Régis Jauffret,/wiki/R%C3%A9gis_Jauffret,fr
Rémi Bertrand,/wiki/R%C3%A9mi_Bertrand,fr
Rémy Belleau,/wiki/R%C3%A9my_Belleau,fr
Sabri Louatah,/wiki/Sabri_Louatah,fr
Sacha Guitry,/wiki/Sacha_Guitry,fr
Sacha Sperling,/wiki/Sacha_Sperling,fr
Saint-John Perse,/wiki/Saint-John_Perse,fr
Saint-Pol-Roux,/wiki/Saint-Pol-Roux,fr
Saley Boubé Bali,/wiki/Saley_Boub%C3%A9_Bali,fr
Salim Jay,/wiki/Salim_Jay,fr
Salvatore Lombardo,/wiki/Salvatore_Lombardo,fr
Salvatore Minni,/wiki/Salvatore_Minni,fr
Samantha Barendson,/wiki/Samantha_Barendson,fr
Samira Bellil,/wiki/Samira_Bellil,fr
Samuel Beckett,/wiki/Samuel_Beckett,fr
Samuel de Champlain,/wiki/Samuel_de_Champlain,fr
Saphia Azzeddine,/wiki/Saphia_Azzeddine,fr
Savinien de Cyrano de Bergerac,/wiki/Savinien_de_Cyrano_de_Bergerac,fr
Scévole de Sainte-Marthe (1536-1623),/wiki/Sc%C3%A9vole_de_Sainte-Marthe_(1536-1623),fr
Sereine Berlottier,/wiki/Sereine_Berlottier,fr
Serge Kribus,/wiki/Serge_Kribus,fr
Serge Lamothe,/wiki/Serge_Lamothe,fr
Serge Venturini,/wiki/Serge_Venturini,fr
Seyhmus Dagtekin,/wiki/Seyhmus_Dagtekin,fr
Sigrid Baffert,/wiki/Sigrid_Baffert,fr
Simon Leys,/wiki/Simon_Leys,fr
Simon Liberati,/wiki/Simon_Liberati,fr
Simone Dever,/wiki/Simone_Dever,fr
Simone Roger-Vercel,/wiki/Simone_Roger-Vercel,fr
Simone Schwarz-Bart,/wiki/Simone_Schwarz-Bart,fr
Simone Weil,/wiki/Simone_Weil,fr
Simone de Beauvoir,/wiki/Simone_de_Beauvoir,fr
Sony Labou Tansi,/wiki/Sony_Labou_Tansi,fr
Sophie Cottin,/wiki/Sophie_Cottin,fr
Sophie Doin,/wiki/Sophie_Doin,fr
Sophie Fontanel,/wiki/Sophie_Fontanel,fr
Sophie Loubière,/wiki/Sophie_Loubi%C3%A8re,fr
Sophie de Grouchy,/wiki/Sophie_de_Grouchy,fr
Souillon (auteur),/wiki/Souillon_(auteur),fr
Stefan Wul,/wiki/Stefan_Wul,fr
Stendhal,/wiki/Stendhal,fr
Stuart Merrill,/wiki/Stuart_Merrill,fr
Stéphane Audeguy,/wiki/St%C3%A9phane_Audeguy,fr
Stéphane Ferret,/wiki/St%C3%A9phane_Ferret,fr
Stéphane Krebs,/wiki/St%C3%A9phane_Krebs,fr
Stéphane Mallarmé,/wiki/St%C3%A9phane_Mallarm%C3%A9,fr
Stéphane Méliade,/wiki/St%C3%A9phane_M%C3%A9liade,fr
Stéphanie Polack,/wiki/St%C3%A9phanie_Polack,fr
Stéphanie Vincent,/wiki/St%C3%A9phanie_Vincent,fr
Sully Prudhomme,/wiki/Sully_Prudhomme,fr
Suzanne Lacascade,/wiki/Suzanne_Lacascade,fr
Suzanne Lauriot Prévost,/wiki/Suzanne_Lauriot_Pr%C3%A9vost,fr
Suzanne Lilar,/wiki/Suzanne_Lilar,fr
Suzanne de Nervèze,/wiki/Suzanne_de_Nerv%C3%A8ze,fr
Suzy Morel,/wiki/Suzy_Morel,fr
Suzy Solidor,/wiki/Suzy_Solidor,fr
Sylvain Tesson,/wiki/Sylvain_Tesson,fr
Sébastien Japrisot,/wiki/S%C3%A9bastien_Japrisot,fr
Tahar Ben Jelloun,/wiki/Tahar_Ben_Jelloun,fr
Tahar Djaout,/wiki/Tahar_Djaout,fr
Tamara Magaram,/wiki/Tamara_Magaram,fr
Tanguy Viel,/wiki/Tanguy_Viel,fr
Taos Amrouche,/wiki/Taos_Amrouche,fr
Tatiana de Rosnay,/wiki/Tatiana_de_Rosnay,fr
Thalie de Molènes,/wiki/Thalie_de_Mol%C3%A8nes,fr
Thibaut Ier de Navarre,/wiki/Thibaut_Ier_de_Navarre,fr
Thierry Beinstingel,/wiki/Thierry_Beinstingel,fr
Thierry Froger (écrivain),/wiki/Thierry_Froger_(%C3%A9crivain),fr
Thierry Poyet (auteur),/wiki/Thierry_Poyet_(auteur),fr
Thomas Corneille,/wiki/Thomas_Corneille,fr
Thomas Dretart,/wiki/Thomas_Dretart,fr
Thomas Flahaut,/wiki/Thomas_Flahaut,fr
Thomas Paris,/wiki/Thomas_Paris,fr
Thomas Sébillet,/wiki/Thomas_S%C3%A9billet,fr
Thomas d'Angleterre,/wiki/Thomas_d%27Angleterre,fr
Théodore Agrippa d'Aubigné,/wiki/Th%C3%A9odore_Agrippa_d%27Aubign%C3%A9,fr
Théodore Barrière,/wiki/Th%C3%A9odore_Barri%C3%A8re,fr
Théodore Leclercq,/wiki/Th%C3%A9odore_Leclercq,fr
Théodore de Banville,/wiki/Th%C3%A9odore_de_Banville,fr
Théodore de Bèze,/wiki/Th%C3%A9odore_de_B%C3%A8ze,fr
Théophile Cailleux,/wiki/Th%C3%A9ophile_Cailleux,fr
Théophile Gautier,/wiki/Th%C3%A9ophile_Gautier,fr
Théophile Marion Dumersan,/wiki/Th%C3%A9ophile_Marion_Dumersan,fr
Théophile de Viau,/wiki/Th%C3%A9ophile_de_Viau,fr
Tidiane N'Diaye,/wiki/Tidiane_N%27Diaye,fr
Tierno Monénembo,/wiki/Tierno_Mon%C3%A9nembo,fr
Tiphaigne de la Roche,/wiki/Tiphaigne_de_la_Roche,fr
Tony Duvert,/wiki/Tony_Duvert,fr
Tristan Bernard,/wiki/Tristan_Bernard,fr
Tristan Corbière,/wiki/Tristan_Corbi%C3%A8re,fr
Tristan Derème,/wiki/Tristan_Der%C3%A8me,fr
Tristan Tzara,/wiki/Tristan_Tzara,fr
Turold,/wiki/Turold,fr
Umberto D'Aloise,/wiki/Umberto_D%27Aloise,fr
Valentin Retz,/wiki/Valentin_Retz,fr
Valery Afanassiev,/wiki/Valery_Afanassiev,fr
Valery Larbaud,/wiki/Valery_Larbaud,fr
Valérie Boronad,/wiki/Val%C3%A9rie_Boronad,fr
Valérie Mréjen,/wiki/Val%C3%A9rie_Mr%C3%A9jen,fr
Valérie Valère,/wiki/Val%C3%A9rie_Val%C3%A8re,fr
Vassilis Alexakis,/wiki/Vassilis_Alexakis,fr
Vercors (écrivain),/wiki/Vercors_(%C3%A9crivain),fr
Victor Brodeau,/wiki/Victor_Brodeau,fr
Victor Dixen,/wiki/Victor_Dixen,fr
Victor Duruy,/wiki/Victor_Duruy,fr
Victor Henri-Joseph Brahain Ducange,/wiki/Victor_Henri-Joseph_Brahain_Ducange,fr
Victor Hugo,/wiki/Victor_Hugo,fr
Victor Kathémo,/wiki/Victor_Kath%C3%A9mo,fr
Victor Segalen,/wiki/Victor_Segalen,fr
Victor Serge,/wiki/Victor_Serge,fr
Victor de Laprade,/wiki/Victor_de_Laprade,fr
Victorien Sardou,/wiki/Victorien_Sardou,fr
Vincent Hein,/wiki/Vincent_Hein,fr
Vincent Message,/wiki/Vincent_Message,fr
Vincent Voiture,/wiki/Vincent_Voiture,fr
Violette Leduc,/wiki/Violette_Leduc,fr
Virgil Gheorghiu,/wiki/Virgil_Gheorghiu,fr
Virgile Elias Gehrig,/wiki/Virgile_Elias_Gehrig,fr
Virginie Ancelot,/wiki/Virginie_Ancelot,fr
Virginie Despentes,/wiki/Virginie_Despentes,fr
Virginie de Senancour,/wiki/Virginie_de_Senancour,fr
Viviane Moore,/wiki/Viviane_Moore,fr
Vladimir Salomonovitch Pozner,/wiki/Vladimir_Salomonovitch_Pozner,fr
Voltaire,/wiki/Voltaire,fr
Vénus Khoury-Ghata,/wiki/V%C3%A9nus_Khoury-Ghata,fr
Wace,/wiki/Wace,fr
Wajdi Mouawad,/wiki/Wajdi_Mouawad,fr
Watriquet de Couvin,/wiki/Watriquet_de_Couvin,fr
"Wei Wei (écrivain, 1957)","/wiki/Wei_Wei_(%C3%A9crivain,_1957)",fr
XIIIe siècle,/wiki/XIIIe_si%C3%A8cle,fr
XIIe siècle,/wiki/XIIe_si%C3%A8cle,fr
XVIIe siècle,/wiki/XVIIe_si%C3%A8cle,fr
XVIe siècle,/wiki/XVIe_si%C3%A8cle,fr
XVe siècle,/wiki/XVe_si%C3%A8cle,fr
Xavier Forneret,/wiki/Xavier_Forneret,fr
Xavier Hanotte,/wiki/Xavier_Hanotte,fr
Xavier Milan,/wiki/Xavier_Milan,fr
Xavier de Maistre,/wiki/Xavier_de_Maistre,fr
Xavier de Montépin,/wiki/Xavier_de_Mont%C3%A9pin,fr
Yambo Ouologuem,/wiki/Yambo_Ouologuem,fr
Yann Moix,/wiki/Yann_Moix,fr
Yasmina Reza,/wiki/Yasmina_Reza,fr
Ying Chen,/wiki/Ying_Chen,fr
Youssef Rzouga,/wiki/Youssef_Rzouga,fr
Yves Bonnefoy,/wiki/Yves_Bonnefoy,fr
Yves Laplace,/wiki/Yves_Laplace,fr
Yves-Marie Adeline,/wiki/Yves-Marie_Adeline,fr
Zaghloul Morsy,/wiki/Zaghloul_Morsy,fr
Zénaïde Fleuriot,/wiki/Z%C3%A9na%C3%AFde_Fleuriot,fr
cs:Lenka Civade,https://cs.wikipedia.org/wiki/Lenka_Civade,fr
s:La Chanson de Roland/Manuscrit d’Oxford/Page 143,https://fr.wikisource.org/wiki/La_Chanson_de_Roland/Manuscrit_d%E2%80%99Oxford/Page_143,fr
Édouard Glissant,/wiki/%C3%89douard_Glissant,fr
Édouard Louis,/wiki/%C3%89douard_Louis,fr
Édouard Pailleron,/wiki/%C3%89douard_Pailleron,fr
Élie Berthet,/wiki/%C3%89lie_Berthet,fr
Élie Maucourant,/wiki/%C3%89lie_Maucourant,fr
Éliette Abécassis,/wiki/%C3%89liette_Ab%C3%A9cassis,fr
Élisabeth Vonarburg,/wiki/%C3%89lisabeth_Vonarburg,fr
Élémir Bourges,/wiki/%C3%89l%C3%A9mir_Bourges,fr
Émile Augier,/wiki/%C3%89mile_Augier,fr
Émile Bodin,/wiki/%C3%89mile_Bodin,fr
Émile Danoën,/wiki/%C3%89mile_Dano%C3%ABn,fr
Émile Deschanel,/wiki/%C3%89mile_Deschanel,fr
Émile Durkheim,/wiki/%C3%89mile_Durkheim,fr
Émile Faguet,/wiki/%C3%89mile_Faguet,fr
Émile Gaboriau,/wiki/%C3%89mile_Gaboriau,fr
Émile Guillaumin,/wiki/%C3%89mile_Guillaumin,fr
Émile Henriot (écrivain),/wiki/%C3%89mile_Henriot_(%C3%A9crivain),fr
Émile Nelligan,/wiki/%C3%89mile_Nelligan,fr
Émile Ollivier (écrivain),/wiki/%C3%89mile_Ollivier_(%C3%A9crivain),fr
Émile Souvestre,/wiki/%C3%89mile_Souvestre,fr
Émile Verhaeren,/wiki/%C3%89mile_Verhaeren,fr
Émile Zola,/wiki/%C3%89mile_Zola,fr
Émilie du Châtelet,/wiki/%C3%89milie_du_Ch%C3%A2telet,fr
Émilienne Malfatto,/wiki/%C3%89milienne_Malfatto,fr
Éric Chevillard,/wiki/%C3%89ric_Chevillard,fr
Éric Faye,/wiki/%C3%89ric_Faye,fr
Éric Fottorino,/wiki/%C3%89ric_Fottorino,fr
Éric Hossan,/wiki/%C3%89ric_Hossan,fr
Éric Laurrent,/wiki/%C3%89ric_Laurrent,fr
Éric Neuhoff,/wiki/%C3%89ric_Neuhoff,fr
Éric Zemmour,/wiki/%C3%89ric_Zemmour,fr
Éric-Emmanuel Schmitt,/wiki/%C3%89ric-Emmanuel_Schmitt,fr
Étienne Barilier,/wiki/%C3%89tienne_Barilier,fr
Étienne Bonnot de Condillac,/wiki/%C3%89tienne_Bonnot_de_Condillac,fr
Étienne Bournier,/wiki/%C3%89tienne_Bournier,fr
Étienne Jodelle,/wiki/%C3%89tienne_Jodelle,fr
Étienne Nouvion,/wiki/%C3%89tienne_Nouvion,fr
Étienne Pasquier (poète),/wiki/%C3%89tienne_Pasquier_(po%C3%A8te),fr
Étienne Pivert de Senancour,/wiki/%C3%89tienne_Pivert_de_Senancour,fr
Étienne Tabourot,/wiki/%C3%89tienne_Tabourot,fr
Étienne de La Boétie,/wiki/%C3%89tienne_de_La_Bo%C3%A9tie,fr
Évariste de Forges de Parny,/wiki/%C3%89variste_de_Forges_de_Parny,fr
